IndicatorCode,Indicator,ValueType,ParentLocationCode,ParentLocation,Location type,SpatialDimValueCode,Location,Period type,Period,IsLatestYear,Dim1 type,Dim1,Dim1ValueCode,Dim2 type,Dim2,Dim2ValueCode,Dim3 type,Dim3,Dim3ValueCode,DataSourceDimValueCode,DataSource,FactValueNumericPrefix,FactValueNumeric,FactValueUoM,FactValueNumericLowPrefix,FactValueNumericLow,FactValueNumericHighPrefix,FactValueNumericHigh,Value,FactValueTranslationID,FactComments,Language,DateModified
SA_0000001741,"Alcohol-attributable fractions (15+), liver cirrhosis deaths (%)",numeric,EMR,Eastern Mediterranean,Country,LBY,Libya,Year,2016,true,Sex,Female,FMLE,,,,,,,,,,0.5,,,,,,0.5,,,EN,2018-09-06T04:00:00.000Z
SA_0000001741,"Alcohol-attributable fractions (15+), liver cirrhosis deaths (%)",numeric,EMR,Eastern Mediterranean,Country,YEM,Yemen,Year,2016,true,Sex,Female,FMLE,,,,,,,,,,0.6,,,,,,0.6,,,EN,2018-09-06T04:00:00.000Z
SA_0000001741,"Alcohol-attributable fractions (15+), liver cirrhosis deaths (%)",numeric,EMR,Eastern Mediterranean,Country,AFG,Afghanistan,Year,2016,true,Sex,Female,FMLE,,,,,,,,,,1.1,,,,,,1.1,,,EN,2018-09-06T04:00:00.000Z
SA_0000001741,"Alcohol-attributable fractions (15+), liver cirrhosis deaths (%)",numeric,EMR,Eastern Mediterranean,Country,SYR,Syrian Arab Republic,Year,2016,true,Sex,Female,FMLE,,,,,,,,,,1.2,,,,,,1.2,,,EN,2018-09-06T04:00:00.000Z
SA_0000001741,"Alcohol-attributable fractions (15+), liver cirrhosis deaths (%)",numeric,EMR,Eastern Mediterranean,Country,KWT,Kuwait,Year,2016,true,Sex,Female,FMLE,,,,,,,,,,1.3,,,,,,1.3,,,EN,2018-09-06T04:00:00.000Z
SA_0000001741,"Alcohol-attributable fractions (15+), liver cirrhosis deaths (%)",numeric,AFR,Africa,Country,MRT,Mauritania,Year,2016,true,Sex,Female,FMLE,,,,,,,,,,1.3,,,,,,1.3,,,EN,2018-09-06T04:00:00.000Z
SA_0000001741,"Alcohol-attributable fractions (15+), liver cirrhosis deaths (%)",numeric,EMR,Eastern Mediterranean,Country,LBY,Libya,Year,2016,true,Sex,Male,MLE,,,,,,,,,,1.9,,,,,,1.9,,,EN,2018-09-06T04:00:00.000Z
SA_0000001741,"Alcohol-attributable fractions (15+), liver cirrhosis deaths (%)",numeric,SEAR,South-East Asia,Country,BGD,Bangladesh,Year,2016,true,Sex,Male,MLE,,,,,,,,,,10,,,,,,10,,,EN,2018-09-06T04:00:00.000Z
SA_0000001741,"Alcohol-attributable fractions (15+), liver cirrhosis deaths (%)",numeric,AFR,Africa,Country,SEN,Senegal,Year,2016,true,Sex,Female,FMLE,,,,,,,,,,10.5,,,,,,10.5,,,EN,2018-09-06T04:00:00.000Z
SA_0000001741,"Alcohol-attributable fractions (15+), liver cirrhosis deaths (%)",numeric,EUR,Europe,Country,TUR,Turkey,Year,2016,true,Sex,Female,FMLE,,,,,,,,,,10.9,,,,,,10.9,,,EN,2018-09-06T04:00:00.000Z
SA_0000001741,"Alcohol-attributable fractions (15+), liver cirrhosis deaths (%)",numeric,AFR,Africa,Country,NER,Niger,Year,2016,true,Sex,Male,MLE,,,,,,,,,,11.2,,,,,,11.2,,,EN,2018-09-06T04:00:00.000Z
SA_0000001741,"Alcohol-attributable fractions (15+), liver cirrhosis deaths (%)",numeric,EMR,Eastern Mediterranean,Country,BHR,Bahrain,Year,2016,true,Sex,Female,FMLE,,,,,,,,,,11.8,,,,,,11.8,,,EN,2018-09-06T04:00:00.000Z
SA_0000001741,"Alcohol-attributable fractions (15+), liver cirrhosis deaths (%)",numeric,WPR,Western Pacific,Country,KIR,Kiribati,Year,2016,true,Sex,Female,FMLE,,,,,,,,,,12.5,,,,,,12.5,,,EN,2018-09-06T04:00:00.000Z
SA_0000001741,"Alcohol-attributable fractions (15+), liver cirrhosis deaths (%)",numeric,SEAR,South-East Asia,Country,MDV,Maldives,Year,2016,true,Sex,Female,FMLE,,,,,,,,,,12.8,,,,,,12.8,,,EN,2018-09-06T04:00:00.000Z
SA_0000001741,"Alcohol-attributable fractions (15+), liver cirrhosis deaths (%)",numeric,EMR,Eastern Mediterranean,Country,PAK,Pakistan,Year,2016,true,Sex,Male,MLE,,,,,,,,,,12.8,,,,,,12.8,,,EN,2018-09-06T04:00:00.000Z
SA_0000001741,"Alcohol-attributable fractions (15+), liver cirrhosis deaths (%)",numeric,AFR,Africa,Country,GIN,Guinea,Year,2016,true,Sex,Female,FMLE,,,,,,,,,,13.4,,,,,,13.4,,,EN,2018-09-06T04:00:00.000Z
SA_0000001741,"Alcohol-attributable fractions (15+), liver cirrhosis deaths (%)",numeric,WPR,Western Pacific,Country,KIR,Kiribati,Year,2016,true,Sex,Male,MLE,,,,,,,,,,13.4,,,,,,13.4,,,EN,2018-09-06T04:00:00.000Z
SA_0000001741,"Alcohol-attributable fractions (15+), liver cirrhosis deaths (%)",numeric,AFR,Africa,Country,MLI,Mali,Year,2016,true,Sex,Female,FMLE,,,,,,,,,,13.4,,,,,,13.4,,,EN,2018-09-06T04:00:00.000Z
SA_0000001741,"Alcohol-attributable fractions (15+), liver cirrhosis deaths (%)",numeric,SEAR,South-East Asia,Country,BTN,Bhutan,Year,2016,true,Sex,Female,FMLE,,,,,,,,,,13.7,,,,,,13.7,,,EN,2018-09-06T04:00:00.000Z
SA_0000001741,"Alcohol-attributable fractions (15+), liver cirrhosis deaths (%)",numeric,EMR,Eastern Mediterranean,Country,DJI,Djibouti,Year,2016,true,Sex,Female,FMLE,,,,,,,,,,14,,,,,,14,,,EN,2018-09-06T04:00:00.000Z
SA_0000001741,"Alcohol-attributable fractions (15+), liver cirrhosis deaths (%)",numeric,EMR,Eastern Mediterranean,Country,DJI,Djibouti,Year,2016,true,Sex,Male,MLE,,,,,,,,,,14.2,,,,,,14.2,,,EN,2018-09-06T04:00:00.000Z
SA_0000001741,"Alcohol-attributable fractions (15+), liver cirrhosis deaths (%)",numeric,SEAR,South-East Asia,Country,BTN,Bhutan,Year,2016,true,Sex,Male,MLE,,,,,,,,,,14.4,,,,,,14.4,,,EN,2018-09-06T04:00:00.000Z
SA_0000001741,"Alcohol-attributable fractions (15+), liver cirrhosis deaths (%)",numeric,WPR,Western Pacific,Country,VUT,Vanuatu,Year,2016,true,Sex,Female,FMLE,,,,,,,,,,14.5,,,,,,14.5,,,EN,2018-09-06T04:00:00.000Z
SA_0000001741,"Alcohol-attributable fractions (15+), liver cirrhosis deaths (%)",numeric,AFR,Africa,Country,SEN,Senegal,Year,2016,true,Sex,Male,MLE,,,,,,,,,,14.7,,,,,,14.7,,,EN,2018-09-06T04:00:00.000Z
SA_0000001741,"Alcohol-attributable fractions (15+), liver cirrhosis deaths (%)",numeric,SEAR,South-East Asia,Country,IDN,Indonesia,Year,2016,true,Sex,Female,FMLE,,,,,,,,,,15.2,,,,,,15.2,,,EN,2018-09-06T04:00:00.000Z
SA_0000001741,"Alcohol-attributable fractions (15+), liver cirrhosis deaths (%)",numeric,EMR,Eastern Mediterranean,Country,IRQ,Iraq,Year,2016,true,Sex,Male,MLE,,,,,,,,,,15.2,,,,,,15.2,,,EN,2018-09-06T04:00:00.000Z
SA_0000001741,"Alcohol-attributable fractions (15+), liver cirrhosis deaths (%)",numeric,EMR,Eastern Mediterranean,Country,EGY,Egypt,Year,2016,true,Sex,Male,MLE,,,,,,,,,,15.5,,,,,,15.5,,,EN,2018-09-06T04:00:00.000Z
SA_0000001741,"Alcohol-attributable fractions (15+), liver cirrhosis deaths (%)",numeric,WPR,Western Pacific,Country,PNG,Papua New Guinea,Year,2016,true,Sex,Female,FMLE,,,,,,,,,,15.5,,,,,,15.5,,,EN,2018-09-06T04:00:00.000Z
SA_0000001741,"Alcohol-attributable fractions (15+), liver cirrhosis deaths (%)",numeric,AFR,Africa,Country,TCD,Chad,Year,2016,true,Sex,Female,FMLE,,,,,,,,,,16,,,,,,16,,,EN,2018-09-06T04:00:00.000Z
SA_0000001741,"Alcohol-attributable fractions (15+), liver cirrhosis deaths (%)",numeric,WPR,Western Pacific,Country,MYS,Malaysia,Year,2016,true,Sex,Female,FMLE,,,,,,,,,,16.2,,,,,,16.2,,,EN,2018-09-06T04:00:00.000Z
SA_0000001741,"Alcohol-attributable fractions (15+), liver cirrhosis deaths (%)",numeric,WPR,Western Pacific,Country,SLB,Solomon Islands,Year,2016,true,Sex,Female,FMLE,,,,,,,,,,16.2,,,,,,16.2,,,EN,2018-09-06T04:00:00.000Z
SA_0000001741,"Alcohol-attributable fractions (15+), liver cirrhosis deaths (%)",numeric,SEAR,South-East Asia,Country,IDN,Indonesia,Year,2016,true,Sex,Male,MLE,,,,,,,,,,16.5,,,,,,16.5,,,EN,2018-09-06T04:00:00.000Z
SA_0000001741,"Alcohol-attributable fractions (15+), liver cirrhosis deaths (%)",numeric,WPR,Western Pacific,Country,TON,Tonga,Year,2016,true,Sex,Female,FMLE,,,,,,,,,,16.5,,,,,,16.5,,,EN,2018-09-06T04:00:00.000Z
SA_0000001741,"Alcohol-attributable fractions (15+), liver cirrhosis deaths (%)",numeric,WPR,Western Pacific,Country,MYS,Malaysia,Year,2016,true,Sex,Male,MLE,,,,,,,,,,16.8,,,,,,16.8,,,EN,2018-09-06T04:00:00.000Z
SA_0000001741,"Alcohol-attributable fractions (15+), liver cirrhosis deaths (%)",numeric,AFR,Africa,Country,ERI,Eritrea,Year,2016,true,Sex,Female,FMLE,,,,,,,,,,16.9,,,,,,16.9,,,EN,2018-09-06T04:00:00.000Z
SA_0000001741,"Alcohol-attributable fractions (15+), liver cirrhosis deaths (%)",numeric,EMR,Eastern Mediterranean,Country,OMN,Oman,Year,2016,true,Sex,Male,MLE,,,,,,,,,,17,,,,,,17,,,EN,2018-09-06T04:00:00.000Z
SA_0000001741,"Alcohol-attributable fractions (15+), liver cirrhosis deaths (%)",numeric,EMR,Eastern Mediterranean,Country,IRN,Iran (Islamic Republic of),Year,2016,true,Sex,Male,MLE,,,,,,,,,,17.2,,,,,,17.2,,,EN,2018-09-06T04:00:00.000Z
SA_0000001741,"Alcohol-attributable fractions (15+), liver cirrhosis deaths (%)",numeric,EMR,Eastern Mediterranean,Country,SDN,Sudan,Year,2016,true,Sex,Male,MLE,,,,,,,,,,17.8,,,,,,17.8,,,EN,2018-09-06T04:00:00.000Z
SA_0000001741,"Alcohol-attributable fractions (15+), liver cirrhosis deaths (%)",numeric,EMR,Eastern Mediterranean,Country,MAR,Morocco,Year,2016,true,Sex,Male,MLE,,,,,,,,,,18.2,,,,,,18.2,,,EN,2018-09-06T04:00:00.000Z
SA_0000001741,"Alcohol-attributable fractions (15+), liver cirrhosis deaths (%)",numeric,SEAR,South-East Asia,Country,TLS,Timor-Leste,Year,2016,true,Sex,Female,FMLE,,,,,,,,,,18.6,,,,,,18.6,,,EN,2018-09-06T04:00:00.000Z
SA_0000001741,"Alcohol-attributable fractions (15+), liver cirrhosis deaths (%)",numeric,EMR,Eastern Mediterranean,Country,QAT,Qatar,Year,2016,true,Sex,Female,FMLE,,,,,,,,,,18.9,,,,,,18.9,,,EN,2018-09-06T04:00:00.000Z
SA_0000001741,"Alcohol-attributable fractions (15+), liver cirrhosis deaths (%)",numeric,WPR,Western Pacific,Country,WSM,Samoa,Year,2016,true,Sex,Female,FMLE,,,,,,,,,,19.4,,,,,,19.4,,,EN,2018-09-06T04:00:00.000Z
SA_0000001741,"Alcohol-attributable fractions (15+), liver cirrhosis deaths (%)",numeric,AFR,Africa,Country,MDG,Madagascar,Year,2016,true,Sex,Female,FMLE,,,,,,,,,,19.7,,,,,,19.7,,,EN,2018-09-06T04:00:00.000Z
SA_0000001741,"Alcohol-attributable fractions (15+), liver cirrhosis deaths (%)",numeric,EMR,Eastern Mediterranean,Country,YEM,Yemen,Year,2016,true,Sex,Male,MLE,,,,,,,,,,2,,,,,,2,,,EN,2018-09-06T04:00:00.000Z
SA_0000001741,"Alcohol-attributable fractions (15+), liver cirrhosis deaths (%)",numeric,EMR,Eastern Mediterranean,Country,SAU,Saudi Arabia,Year,2016,true,Sex,Female,FMLE,,,,,,,,,,2.3,,,,,,2.3,,,EN,2018-09-06T04:00:00.000Z
SA_0000001741,"Alcohol-attributable fractions (15+), liver cirrhosis deaths (%)",numeric,EMR,Eastern Mediterranean,Country,SOM,Somalia,Year,2016,true,Sex,Female,FMLE,,,,,,,,,,2.3,,,,,,2.3,,,EN,2018-09-06T04:00:00.000Z
SA_0000001741,"Alcohol-attributable fractions (15+), liver cirrhosis deaths (%)",numeric,EMR,Eastern Mediterranean,Country,IRN,Iran (Islamic Republic of),Year,2016,true,Sex,Female,FMLE,,,,,,,,,,2.7,,,,,,2.7,,,EN,2018-09-06T04:00:00.000Z
SA_0000001741,"Alcohol-attributable fractions (15+), liver cirrhosis deaths (%)",numeric,EMR,Eastern Mediterranean,Country,ARE,United Arab Emirates,Year,2016,true,Sex,Female,FMLE,,,,,,,,,,20,,,,,,20,,,EN,2018-09-06T04:00:00.000Z
SA_0000001741,"Alcohol-attributable fractions (15+), liver cirrhosis deaths (%)",numeric,WPR,Western Pacific,Country,FJI,Fiji,Year,2016,true,Sex,Female,FMLE,,,,,,,,,,20.2,,,,,,20.2,,,EN,2018-09-06T04:00:00.000Z
SA_0000001741,"Alcohol-attributable fractions (15+), liver cirrhosis deaths (%)",numeric,WPR,Western Pacific,Country,VUT,Vanuatu,Year,2016,true,Sex,Male,MLE,,,,,,,,,,20.2,,,,,,20.2,,,EN,2018-09-06T04:00:00.000Z
SA_0000001741,"Alcohol-attributable fractions (15+), liver cirrhosis deaths (%)",numeric,WPR,Western Pacific,Country,FSM,Micronesia (Federated States of),Year,2016,true,Sex,Female,FMLE,,,,,,,,,,20.4,,,,,,20.4,,,EN,2018-09-06T04:00:00.000Z
SA_0000001741,"Alcohol-attributable fractions (15+), liver cirrhosis deaths (%)",numeric,AFR,Africa,Country,MOZ,Mozambique,Year,2016,true,Sex,Female,FMLE,,,,,,,,,,20.5,,,,,,20.5,,,EN,2018-09-06T04:00:00.000Z
SA_0000001741,"Alcohol-attributable fractions (15+), liver cirrhosis deaths (%)",numeric,SEAR,South-East Asia,Country,NPL,Nepal,Year,2016,true,Sex,Female,FMLE,,,,,,,,,,20.7,,,,,,20.7,,,EN,2018-09-06T04:00:00.000Z
SA_0000001741,"Alcohol-attributable fractions (15+), liver cirrhosis deaths (%)",numeric,EMR,Eastern Mediterranean,Country,QAT,Qatar,Year,2016,true,Sex,Male,MLE,,,,,,,,,,20.8,,,,,,20.8,,,EN,2018-09-06T04:00:00.000Z
SA_0000001741,"Alcohol-attributable fractions (15+), liver cirrhosis deaths (%)",numeric,WPR,Western Pacific,Country,BRN,Brunei Darussalam,Year,2016,true,Sex,Male,MLE,,,,,,,,,,21,,,,,,21,,,EN,2018-09-06T04:00:00.000Z
SA_0000001741,"Alcohol-attributable fractions (15+), liver cirrhosis deaths (%)",numeric,AFR,Africa,Country,MLI,Mali,Year,2016,true,Sex,Male,MLE,,,,,,,,,,21,,,,,,21,,,EN,2018-09-06T04:00:00.000Z
SA_0000001741,"Alcohol-attributable fractions (15+), liver cirrhosis deaths (%)",numeric,AFR,Africa,Country,GHA,Ghana,Year,2016,true,Sex,Female,FMLE,,,,,,,,,,21.3,,,,,,21.3,,,EN,2018-09-06T04:00:00.000Z
SA_0000001741,"Alcohol-attributable fractions (15+), liver cirrhosis deaths (%)",numeric,AFR,Africa,Country,GIN,Guinea,Year,2016,true,Sex,Male,MLE,,,,,,,,,,21.3,,,,,,21.3,,,EN,2018-09-06T04:00:00.000Z
SA_0000001741,"Alcohol-attributable fractions (15+), liver cirrhosis deaths (%)",numeric,EMR,Eastern Mediterranean,Country,JOR,Jordan,Year,2016,true,Sex,Male,MLE,,,,,,,,,,21.5,,,,,,21.5,,,EN,2018-09-06T04:00:00.000Z
SA_0000001741,"Alcohol-attributable fractions (15+), liver cirrhosis deaths (%)",numeric,EUR,Europe,Country,AZE,Azerbaijan,Year,2016,true,Sex,Female,FMLE,,,,,,,,,,22.2,,,,,,22.2,,,EN,2018-09-06T04:00:00.000Z
SA_0000001741,"Alcohol-attributable fractions (15+), liver cirrhosis deaths (%)",numeric,AFR,Africa,Country,BEN,Benin,Year,2016,true,Sex,Female,FMLE,,,,,,,,,,22.3,,,,,,22.3,,,EN,2018-09-06T04:00:00.000Z
SA_0000001741,"Alcohol-attributable fractions (15+), liver cirrhosis deaths (%)",numeric,AFR,Africa,Country,TGO,Togo,Year,2016,true,Sex,Female,FMLE,,,,,,,,,,22.6,,,,,,22.6,,,EN,2018-09-06T04:00:00.000Z
SA_0000001741,"Alcohol-attributable fractions (15+), liver cirrhosis deaths (%)",numeric,AFR,Africa,Country,DZA,Algeria,Year,2016,true,Sex,Male,MLE,,,,,,,,,,22.7,,,,,,22.7,,,EN,2018-09-06T04:00:00.000Z
SA_0000001741,"Alcohol-attributable fractions (15+), liver cirrhosis deaths (%)",numeric,AFR,Africa,Country,ERI,Eritrea,Year,2016,true,Sex,Male,MLE,,,,,,,,,,23,,,,,,23,,,EN,2018-09-06T04:00:00.000Z
SA_0000001741,"Alcohol-attributable fractions (15+), liver cirrhosis deaths (%)",numeric,AMR,Americas,Country,GTM,Guatemala,Year,2016,true,Sex,Female,FMLE,,,,,,,,,,23,,,,,,23,,,EN,2018-09-06T04:00:00.000Z
SA_0000001741,"Alcohol-attributable fractions (15+), liver cirrhosis deaths (%)",numeric,AFR,Africa,Country,ETH,Ethiopia,Year,2016,true,Sex,Female,FMLE,,,,,,,,,,23.3,,,,,,23.3,,,EN,2018-09-06T04:00:00.000Z
SA_0000001741,"Alcohol-attributable fractions (15+), liver cirrhosis deaths (%)",numeric,WPR,Western Pacific,Country,PNG,Papua New Guinea,Year,2016,true,Sex,Male,MLE,,,,,,,,,,24.2,,,,,,24.2,,,EN,2018-09-06T04:00:00.000Z
SA_0000001741,"Alcohol-attributable fractions (15+), liver cirrhosis deaths (%)",numeric,WPR,Western Pacific,Country,BRN,Brunei Darussalam,Year,2016,true,Sex,Female,FMLE,,,,,,,,,,24.4,,,,,,24.4,,,EN,2018-09-06T04:00:00.000Z
SA_0000001741,"Alcohol-attributable fractions (15+), liver cirrhosis deaths (%)",numeric,AFR,Africa,Country,COD,Democratic Republic of the Congo,Year,2016,true,Sex,Female,FMLE,,,,,,,,,,24.6,,,,,,24.6,,,EN,2018-09-06T04:00:00.000Z
SA_0000001741,"Alcohol-attributable fractions (15+), liver cirrhosis deaths (%)",numeric,AFR,Africa,Country,COM,Comoros,Year,2016,true,Sex,Male,MLE,,,,,,,,,,24.7,,,,,,24.7,,,EN,2018-09-06T04:00:00.000Z
SA_0000001741,"Alcohol-attributable fractions (15+), liver cirrhosis deaths (%)",numeric,AFR,Africa,Country,MWI,Malawi,Year,2016,true,Sex,Female,FMLE,,,,,,,,,,24.7,,,,,,24.7,,,EN,2018-09-06T04:00:00.000Z
SA_0000001741,"Alcohol-attributable fractions (15+), liver cirrhosis deaths (%)",numeric,AFR,Africa,Country,KEN,Kenya,Year,2016,true,Sex,Female,FMLE,,,,,,,,,,24.8,,,,,,24.8,,,EN,2018-09-06T04:00:00.000Z
SA_0000001741,"Alcohol-attributable fractions (15+), liver cirrhosis deaths (%)",numeric,AFR,Africa,Country,GMB,Gambia,Year,2016,true,Sex,Female,FMLE,,,,,,,,,,25.7,,,,,,25.7,,,EN,2018-09-06T04:00:00.000Z
SA_0000001741,"Alcohol-attributable fractions (15+), liver cirrhosis deaths (%)",numeric,SEAR,South-East Asia,Country,PRK,Democratic People's Republic of Korea,Year,2016,true,Sex,Female,FMLE,,,,,,,,,,25.8,,,,,,25.8,,,EN,2018-09-06T04:00:00.000Z
SA_0000001741,"Alcohol-attributable fractions (15+), liver cirrhosis deaths (%)",numeric,AFR,Africa,Country,TCD,Chad,Year,2016,true,Sex,Male,MLE,,,,,,,,,,26.9,,,,,,26.9,,,EN,2018-09-06T04:00:00.000Z
SA_0000001741,"Alcohol-attributable fractions (15+), liver cirrhosis deaths (%)",numeric,WPR,Western Pacific,Country,SLB,Solomon Islands,Year,2016,true,Sex,Male,MLE,,,,,,,,,,27.3,,,,,,27.3,,,EN,2018-09-06T04:00:00.000Z
SA_0000001741,"Alcohol-attributable fractions (15+), liver cirrhosis deaths (%)",numeric,AMR,Americas,Country,SLV,El Salvador,Year,2016,true,Sex,Female,FMLE,,,,,,,,,,27.8,,,,,,27.8,,,EN,2018-09-06T04:00:00.000Z
SA_0000001741,"Alcohol-attributable fractions (15+), liver cirrhosis deaths (%)",numeric,AMR,Americas,Country,HND,Honduras,Year,2016,true,Sex,Female,FMLE,,,,,,,,,,27.9,,,,,,27.9,,,EN,2018-09-06T04:00:00.000Z
SA_0000001741,"Alcohol-attributable fractions (15+), liver cirrhosis deaths (%)",numeric,SEAR,South-East Asia,Country,LKA,Sri Lanka,Year,2016,true,Sex,Female,FMLE,,,,,,,,,,28.2,,,,,,28.2,,,EN,2018-09-06T04:00:00.000Z
SA_0000001741,"Alcohol-attributable fractions (15+), liver cirrhosis deaths (%)",numeric,AFR,Africa,Country,CAF,Central African Republic,Year,2016,true,Sex,Female,FMLE,,,,,,,,,,28.5,,,,,,28.5,,,EN,2018-09-06T04:00:00.000Z
SA_0000001741,"Alcohol-attributable fractions (15+), liver cirrhosis deaths (%)",numeric,AMR,Americas,Country,JAM,Jamaica,Year,2016,true,Sex,Female,FMLE,,,,,,,,,,28.7,,,,,,28.7,,,EN,2018-09-06T04:00:00.000Z
SA_0000001741,"Alcohol-attributable fractions (15+), liver cirrhosis deaths (%)",numeric,AFR,Africa,Country,ZWE,Zimbabwe,Year,2016,true,Sex,Female,FMLE,,,,,,,,,,29,,,,,,29,,,EN,2018-09-06T04:00:00.000Z
SA_0000001741,"Alcohol-attributable fractions (15+), liver cirrhosis deaths (%)",numeric,AFR,Africa,Country,GNB,Guinea-Bissau,Year,2016,true,Sex,Female,FMLE,,,,,,,,,,29.1,,,,,,29.1,,,EN,2018-09-06T04:00:00.000Z
SA_0000001741,"Alcohol-attributable fractions (15+), liver cirrhosis deaths (%)",numeric,EUR,Europe,Country,UZB,Uzbekistan,Year,2016,true,Sex,Female,FMLE,,,,,,,,,,29.2,,,,,,29.2,,,EN,2018-09-06T04:00:00.000Z
SA_0000001741,"Alcohol-attributable fractions (15+), liver cirrhosis deaths (%)",numeric,EMR,Eastern Mediterranean,Country,LBN,Lebanon,Year,2016,true,Sex,Male,MLE,,,,,,,,,,29.5,,,,,,29.5,,,EN,2018-09-06T04:00:00.000Z
SA_0000001741,"Alcohol-attributable fractions (15+), liver cirrhosis deaths (%)",numeric,AFR,Africa,Country,MUS,Mauritius,Year,2016,true,Sex,Female,FMLE,,,,,,,,,,29.5,,,,,,29.5,,,EN,2018-09-06T04:00:00.000Z
SA_0000001741,"Alcohol-attributable fractions (15+), liver cirrhosis deaths (%)",numeric,EUR,Europe,Country,TJK,Tajikistan,Year,2016,true,Sex,Female,FMLE,,,,,,,,,,29.8,,,,,,29.8,,,EN,2018-09-06T04:00:00.000Z
SA_0000001741,"Alcohol-attributable fractions (15+), liver cirrhosis deaths (%)",numeric,EMR,Eastern Mediterranean,Country,PAK,Pakistan,Year,2016,true,Sex,Female,FMLE,,,,,,,,,,3.2,,,,,,3.2,,,EN,2018-09-06T04:00:00.000Z
SA_0000001741,"Alcohol-attributable fractions (15+), liver cirrhosis deaths (%)",numeric,WPR,Western Pacific,Country,TON,Tonga,Year,2016,true,Sex,Male,MLE,,,,,,,,,,30,,,,,,30,,,EN,2018-09-06T04:00:00.000Z
SA_0000001741,"Alcohol-attributable fractions (15+), liver cirrhosis deaths (%)",numeric,AFR,Africa,Country,SSD,South Sudan,Year,2016,true,Sex,Female,FMLE,,,,,,,,,,30.1,,,,,,30.1,,,EN,2018-09-06T04:00:00.000Z
SA_0000001741,"Alcohol-attributable fractions (15+), liver cirrhosis deaths (%)",numeric,WPR,Western Pacific,Country,SGP,Singapore,Year,2016,true,Sex,Male,MLE,,,,,,,,,,30.3,,,,,,30.3,,,EN,2018-09-06T04:00:00.000Z
SA_0000001741,"Alcohol-attributable fractions (15+), liver cirrhosis deaths (%)",numeric,AFR,Africa,Country,LSO,Lesotho,Year,2016,true,Sex,Female,FMLE,,,,,,,,,,30.4,,,,,,30.4,,,EN,2018-09-06T04:00:00.000Z
SA_0000001741,"Alcohol-attributable fractions (15+), liver cirrhosis deaths (%)",numeric,SEAR,South-East Asia,Country,MMR,Myanmar,Year,2016,true,Sex,Female,FMLE,,,,,,,,,,31.2,,,,,,31.2,,,EN,2018-09-06T04:00:00.000Z
SA_0000001741,"Alcohol-attributable fractions (15+), liver cirrhosis deaths (%)",numeric,SEAR,South-East Asia,Country,NPL,Nepal,Year,2016,true,Sex,Male,MLE,,,,,,,,,,31.7,,,,,,31.7,,,EN,2018-09-06T04:00:00.000Z
SA_0000001741,"Alcohol-attributable fractions (15+), liver cirrhosis deaths (%)",numeric,EMR,Eastern Mediterranean,Country,BHR,Bahrain,Year,2016,true,Sex,Male,MLE,,,,,,,,,,31.8,,,,,,31.8,,,EN,2018-09-06T04:00:00.000Z
SA_0000001741,"Alcohol-attributable fractions (15+), liver cirrhosis deaths (%)",numeric,AMR,Americas,Country,ECU,Ecuador,Year,2016,true,Sex,Female,FMLE,,,,,,,,,,31.9,,,,,,31.9,,,EN,2018-09-06T04:00:00.000Z
SA_0000001741,"Alcohol-attributable fractions (15+), liver cirrhosis deaths (%)",numeric,AFR,Africa,Country,ZMB,Zambia,Year,2016,true,Sex,Female,FMLE,,,,,,,,,,31.9,,,,,,31.9,,,EN,2018-09-06T04:00:00.000Z
SA_0000001741,"Alcohol-attributable fractions (15+), liver cirrhosis deaths (%)",numeric,AMR,Americas,Country,CRI,Costa Rica,Year,2016,true,Sex,Female,FMLE,,,,,,,,,,32.3,,,,,,32.3,,,EN,2018-09-06T04:00:00.000Z
SA_0000001741,"Alcohol-attributable fractions (15+), liver cirrhosis deaths (%)",numeric,AFR,Africa,Country,MDG,Madagascar,Year,2016,true,Sex,Male,MLE,,,,,,,,,,32.3,,,,,,32.3,,,EN,2018-09-06T04:00:00.000Z
SA_0000001741,"Alcohol-attributable fractions (15+), liver cirrhosis deaths (%)",numeric,AMR,Americas,Country,BHS,Bahamas,Year,2016,true,Sex,Female,FMLE,,,,,,,,,,32.4,,,,,,32.4,,,EN,2018-09-06T04:00:00.000Z
SA_0000001741,"Alcohol-attributable fractions (15+), liver cirrhosis deaths (%)",numeric,AFR,Africa,Country,LBR,Liberia,Year,2016,true,Sex,Female,FMLE,,,,,,,,,,32.5,,,,,,32.5,,,EN,2018-09-06T04:00:00.000Z
SA_0000001741,"Alcohol-attributable fractions (15+), liver cirrhosis deaths (%)",numeric,AMR,Americas,Country,NIC,Nicaragua,Year,2016,true,Sex,Female,FMLE,,,,,,,,,,33,,,,,,33,,,EN,2018-09-06T04:00:00.000Z
SA_0000001741,"Alcohol-attributable fractions (15+), liver cirrhosis deaths (%)",numeric,EMR,Eastern Mediterranean,Country,TUN,Tunisia,Year,2016,true,Sex,Male,MLE,,,,,,,,,,33,,,,,,33,,,EN,2018-09-06T04:00:00.000Z
SA_0000001741,"Alcohol-attributable fractions (15+), liver cirrhosis deaths (%)",numeric,AFR,Africa,Country,CPV,Cabo Verde,Year,2016,true,Sex,Female,FMLE,,,,,,,,,,33.1,,,,,,33.1,,,EN,2018-09-06T04:00:00.000Z
SA_0000001741,"Alcohol-attributable fractions (15+), liver cirrhosis deaths (%)",numeric,SEAR,South-East Asia,Country,IND,India,Year,2016,true,Sex,Female,FMLE,,,,,,,,,,33.3,,,,,,33.3,,,EN,2018-09-06T04:00:00.000Z
SA_0000001741,"Alcohol-attributable fractions (15+), liver cirrhosis deaths (%)",numeric,AFR,Africa,Country,COD,Democratic Republic of the Congo,Year,2016,true,Sex,Male,MLE,,,,,,,,,,34.1,,,,,,34.1,,,EN,2018-09-06T04:00:00.000Z
SA_0000001741,"Alcohol-attributable fractions (15+), liver cirrhosis deaths (%)",numeric,AMR,Americas,Country,BOL,Bolivia (Plurinational State of),Year,2016,true,Sex,Female,FMLE,,,,,,,,,,34.2,,,,,,34.2,,,EN,2018-09-06T04:00:00.000Z
SA_0000001741,"Alcohol-attributable fractions (15+), liver cirrhosis deaths (%)",numeric,AMR,Americas,Country,SUR,Suriname,Year,2016,true,Sex,Female,FMLE,,,,,,,,,,34.4,,,,,,34.4,,,EN,2018-09-06T04:00:00.000Z
SA_0000001741,"Alcohol-attributable fractions (15+), liver cirrhosis deaths (%)",numeric,SEAR,South-East Asia,Country,TLS,Timor-Leste,Year,2016,true,Sex,Male,MLE,,,,,,,,,,34.4,,,,,,34.4,,,EN,2018-09-06T04:00:00.000Z
SA_0000001741,"Alcohol-attributable fractions (15+), liver cirrhosis deaths (%)",numeric,AMR,Americas,Country,COL,Colombia,Year,2016,true,Sex,Female,FMLE,,,,,,,,,,34.5,,,,,,34.5,,,EN,2018-09-06T04:00:00.000Z
SA_0000001741,"Alcohol-attributable fractions (15+), liver cirrhosis deaths (%)",numeric,AMR,Americas,Country,VEN,Venezuela (Bolivarian Republic of),Year,2016,true,Sex,Female,FMLE,,,,,,,,,,34.5,,,,,,34.5,,,EN,2018-09-06T04:00:00.000Z
SA_0000001741,"Alcohol-attributable fractions (15+), liver cirrhosis deaths (%)",numeric,EUR,Europe,Country,ARM,Armenia,Year,2016,true,Sex,Female,FMLE,,,,,,,,,,34.7,,,,,,34.7,,,EN,2018-09-06T04:00:00.000Z
SA_0000001741,"Alcohol-attributable fractions (15+), liver cirrhosis deaths (%)",numeric,WPR,Western Pacific,Country,SGP,Singapore,Year,2016,true,Sex,Female,FMLE,,,,,,,,,,34.9,,,,,,34.9,,,EN,2018-09-06T04:00:00.000Z
SA_0000001741,"Alcohol-attributable fractions (15+), liver cirrhosis deaths (%)",numeric,AMR,Americas,Country,HTI,Haiti,Year,2016,true,Sex,Female,FMLE,,,,,,,,,,35.2,,,,,,35.2,,,EN,2018-09-06T04:00:00.000Z
SA_0000001741,"Alcohol-attributable fractions (15+), liver cirrhosis deaths (%)",numeric,AFR,Africa,Country,SLE,Sierra Leone,Year,2016,true,Sex,Female,FMLE,,,,,,,,,,35.7,,,,,,35.7,,,EN,2018-09-06T04:00:00.000Z
SA_0000001741,"Alcohol-attributable fractions (15+), liver cirrhosis deaths (%)",numeric,AFR,Africa,Country,MOZ,Mozambique,Year,2016,true,Sex,Male,MLE,,,,,,,,,,35.8,,,,,,35.8,,,EN,2018-09-06T04:00:00.000Z
SA_0000001741,"Alcohol-attributable fractions (15+), liver cirrhosis deaths (%)",numeric,SEAR,South-East Asia,Country,MDV,Maldives,Year,2016,true,Sex,Male,MLE,,,,,,,,,,36.1,,,,,,36.1,,,EN,2018-09-06T04:00:00.000Z
SA_0000001741,"Alcohol-attributable fractions (15+), liver cirrhosis deaths (%)",numeric,EUR,Europe,Country,ISR,Israel,Year,2016,true,Sex,Female,FMLE,,,,,,,,,,36.9,,,,,,36.9,,,EN,2018-09-06T04:00:00.000Z
SA_0000001741,"Alcohol-attributable fractions (15+), liver cirrhosis deaths (%)",numeric,WPR,Western Pacific,Country,PHL,Philippines,Year,2016,true,Sex,Female,FMLE,,,,,,,,,,37.1,,,,,,37.1,,,EN,2018-09-06T04:00:00.000Z
SA_0000001741,"Alcohol-attributable fractions (15+), liver cirrhosis deaths (%)",numeric,EUR,Europe,Country,TUR,Turkey,Year,2016,true,Sex,Male,MLE,,,,,,,,,,37.2,,,,,,37.2,,,EN,2018-09-06T04:00:00.000Z
SA_0000001741,"Alcohol-attributable fractions (15+), liver cirrhosis deaths (%)",numeric,AMR,Americas,Country,CUB,Cuba,Year,2016,true,Sex,Female,FMLE,,,,,,,,,,37.7,,,,,,37.7,,,EN,2018-09-06T04:00:00.000Z
SA_0000001741,"Alcohol-attributable fractions (15+), liver cirrhosis deaths (%)",numeric,WPR,Western Pacific,Country,KHM,Cambodia,Year,2016,true,Sex,Female,FMLE,,,,,,,,,,38,,,,,,38,,,EN,2018-09-06T04:00:00.000Z
SA_0000001741,"Alcohol-attributable fractions (15+), liver cirrhosis deaths (%)",numeric,AMR,Americas,Country,MEX,Mexico,Year,2016,true,Sex,Female,FMLE,,,,,,,,,,38.1,,,,,,38.1,,,EN,2018-09-06T04:00:00.000Z
SA_0000001741,"Alcohol-attributable fractions (15+), liver cirrhosis deaths (%)",numeric,WPR,Western Pacific,Country,MNG,Mongolia,Year,2016,true,Sex,Female,FMLE,,,,,,,,,,38.1,,,,,,38.1,,,EN,2018-09-06T04:00:00.000Z
SA_0000001741,"Alcohol-attributable fractions (15+), liver cirrhosis deaths (%)",numeric,EUR,Europe,Country,TKM,Turkmenistan,Year,2016,true,Sex,Female,FMLE,,,,,,,,,,38.8,,,,,,38.8,,,EN,2018-09-06T04:00:00.000Z
SA_0000001741,"Alcohol-attributable fractions (15+), liver cirrhosis deaths (%)",numeric,AMR,Americas,Country,GTM,Guatemala,Year,2016,true,Sex,Male,MLE,,,,,,,,,,39.2,,,,,,39.2,,,EN,2018-09-06T04:00:00.000Z
SA_0000001741,"Alcohol-attributable fractions (15+), liver cirrhosis deaths (%)",numeric,WPR,Western Pacific,Country,VNM,Viet Nam,Year,2016,true,Sex,Female,FMLE,,,,,,,,,,39.2,,,,,,39.2,,,EN,2018-09-06T04:00:00.000Z
SA_0000001741,"Alcohol-attributable fractions (15+), liver cirrhosis deaths (%)",numeric,AMR,Americas,Country,BLZ,Belize,Year,2016,true,Sex,Female,FMLE,,,,,,,,,,39.4,,,,,,39.4,,,EN,2018-09-06T04:00:00.000Z
SA_0000001741,"Alcohol-attributable fractions (15+), liver cirrhosis deaths (%)",numeric,AMR,Americas,Country,PRY,Paraguay,Year,2016,true,Sex,Female,FMLE,,,,,,,,,,39.4,,,,,,39.4,,,EN,2018-09-06T04:00:00.000Z
SA_0000001741,"Alcohol-attributable fractions (15+), liver cirrhosis deaths (%)",numeric,AFR,Africa,Country,STP,Sao Tome and Principe,Year,2016,true,Sex,Female,FMLE,,,,,,,,,,39.4,,,,,,39.4,,,EN,2018-09-06T04:00:00.000Z
SA_0000001741,"Alcohol-attributable fractions (15+), liver cirrhosis deaths (%)",numeric,AMR,Americas,Country,DOM,Dominican Republic,Year,2016,true,Sex,Female,FMLE,,,,,,,,,,39.5,,,,,,39.5,,,EN,2018-09-06T04:00:00.000Z
SA_0000001741,"Alcohol-attributable fractions (15+), liver cirrhosis deaths (%)",numeric,AFR,Africa,Country,GHA,Ghana,Year,2016,true,Sex,Male,MLE,,,,,,,,,,39.6,,,,,,39.6,,,EN,2018-09-06T04:00:00.000Z
SA_0000001741,"Alcohol-attributable fractions (15+), liver cirrhosis deaths (%)",numeric,EMR,Eastern Mediterranean,Country,SAU,Saudi Arabia,Year,2016,true,Sex,Male,MLE,,,,,,,,,,4,,,,,,4,,,EN,2018-09-06T04:00:00.000Z
SA_0000001741,"Alcohol-attributable fractions (15+), liver cirrhosis deaths (%)",numeric,AFR,Africa,Country,MRT,Mauritania,Year,2016,true,Sex,Male,MLE,,,,,,,,,,4.1,,,,,,4.1,,,EN,2018-09-06T04:00:00.000Z
SA_0000001741,"Alcohol-attributable fractions (15+), liver cirrhosis deaths (%)",numeric,EMR,Eastern Mediterranean,Country,EGY,Egypt,Year,2016,true,Sex,Female,FMLE,,,,,,,,,,4.5,,,,,,4.5,,,EN,2018-09-06T04:00:00.000Z
SA_0000001741,"Alcohol-attributable fractions (15+), liver cirrhosis deaths (%)",numeric,EMR,Eastern Mediterranean,Country,IRQ,Iraq,Year,2016,true,Sex,Female,FMLE,,,,,,,,,,4.6,,,,,,4.6,,,EN,2018-09-06T04:00:00.000Z
SA_0000001741,"Alcohol-attributable fractions (15+), liver cirrhosis deaths (%)",numeric,EMR,Eastern Mediterranean,Country,KWT,Kuwait,Year,2016,true,Sex,Male,MLE,,,,,,,,,,4.6,,,,,,4.6,,,EN,2018-09-06T04:00:00.000Z
SA_0000001741,"Alcohol-attributable fractions (15+), liver cirrhosis deaths (%)",numeric,EMR,Eastern Mediterranean,Country,SDN,Sudan,Year,2016,true,Sex,Female,FMLE,,,,,,,,,,4.8,,,,,,4.8,,,EN,2018-09-06T04:00:00.000Z
SA_0000001741,"Alcohol-attributable fractions (15+), liver cirrhosis deaths (%)",numeric,AFR,Africa,Country,AGO,Angola,Year,2016,true,Sex,Female,FMLE,,,,,,,,,,40,,,,,,40,,,EN,2018-09-06T04:00:00.000Z
SA_0000001741,"Alcohol-attributable fractions (15+), liver cirrhosis deaths (%)",numeric,WPR,Western Pacific,Country,FSM,Micronesia (Federated States of),Year,2016,true,Sex,Male,MLE,,,,,,,,,,40.2,,,,,,40.2,,,EN,2018-09-06T04:00:00.000Z
SA_0000001741,"Alcohol-attributable fractions (15+), liver cirrhosis deaths (%)",numeric,AFR,Africa,Country,BDI,Burundi,Year,2016,true,Sex,Female,FMLE,,,,,,,,,,40.3,,,,,,40.3,,,EN,2018-09-06T04:00:00.000Z
SA_0000001741,"Alcohol-attributable fractions (15+), liver cirrhosis deaths (%)",numeric,EUR,Europe,Country,KGZ,Kyrgyzstan,Year,2016,true,Sex,Female,FMLE,,,,,,,,,,40.3,,,,,,40.3,,,EN,2018-09-06T04:00:00.000Z
SA_0000001741,"Alcohol-attributable fractions (15+), liver cirrhosis deaths (%)",numeric,AMR,Americas,Country,PER,Peru,Year,2016,true,Sex,Female,FMLE,,,,,,,,,,40.3,,,,,,40.3,,,EN,2018-09-06T04:00:00.000Z
SA_0000001741,"Alcohol-attributable fractions (15+), liver cirrhosis deaths (%)",numeric,WPR,Western Pacific,Country,WSM,Samoa,Year,2016,true,Sex,Male,MLE,,,,,,,,,,40.4,,,,,,40.4,,,EN,2018-09-06T04:00:00.000Z
SA_0000001741,"Alcohol-attributable fractions (15+), liver cirrhosis deaths (%)",numeric,AMR,Americas,Country,GUY,Guyana,Year,2016,true,Sex,Female,FMLE,,,,,,,,,,40.5,,,,,,40.5,,,EN,2018-09-06T04:00:00.000Z
SA_0000001741,"Alcohol-attributable fractions (15+), liver cirrhosis deaths (%)",numeric,AFR,Africa,Country,BWA,Botswana,Year,2016,true,Sex,Female,FMLE,,,,,,,,,,41.5,,,,,,41.5,,,EN,2018-09-06T04:00:00.000Z
SA_0000001741,"Alcohol-attributable fractions (15+), liver cirrhosis deaths (%)",numeric,AMR,Americas,Country,PAN,Panama,Year,2016,true,Sex,Female,FMLE,,,,,,,,,,41.5,,,,,,41.5,,,EN,2018-09-06T04:00:00.000Z
SA_0000001741,"Alcohol-attributable fractions (15+), liver cirrhosis deaths (%)",numeric,WPR,Western Pacific,Country,CHN,China,Year,2016,true,Sex,Female,FMLE,,,,,,,,,,41.6,,,,,,41.6,,,EN,2018-09-06T04:00:00.000Z
SA_0000001741,"Alcohol-attributable fractions (15+), liver cirrhosis deaths (%)",numeric,AFR,Africa,Country,BFA,Burkina Faso,Year,2016,true,Sex,Female,FMLE,,,,,,,,,,42.3,,,,,,42.3,,,EN,2018-09-06T04:00:00.000Z
SA_0000001741,"Alcohol-attributable fractions (15+), liver cirrhosis deaths (%)",numeric,AMR,Americas,Country,BRA,Brazil,Year,2016,true,Sex,Female,FMLE,,,,,,,,,,42.6,,,,,,42.6,,,EN,2018-09-06T04:00:00.000Z
SA_0000001741,"Alcohol-attributable fractions (15+), liver cirrhosis deaths (%)",numeric,EMR,Eastern Mediterranean,Country,ARE,United Arab Emirates,Year,2016,true,Sex,Male,MLE,,,,,,,,,,42.7,,,,,,42.7,,,EN,2018-09-06T04:00:00.000Z
SA_0000001741,"Alcohol-attributable fractions (15+), liver cirrhosis deaths (%)",numeric,AFR,Africa,Country,BEN,Benin,Year,2016,true,Sex,Male,MLE,,,,,,,,,,42.9,,,,,,42.9,,,EN,2018-09-06T04:00:00.000Z
SA_0000001741,"Alcohol-attributable fractions (15+), liver cirrhosis deaths (%)",numeric,EUR,Europe,Country,BIH,Bosnia and Herzegovina,Year,2016,true,Sex,Female,FMLE,,,,,,,,,,43,,,,,,43,,,EN,2018-09-06T04:00:00.000Z
SA_0000001741,"Alcohol-attributable fractions (15+), liver cirrhosis deaths (%)",numeric,AFR,Africa,Country,CAF,Central African Republic,Year,2016,true,Sex,Male,MLE,,,,,,,,,,43.3,,,,,,43.3,,,EN,2018-09-06T04:00:00.000Z
SA_0000001741,"Alcohol-attributable fractions (15+), liver cirrhosis deaths (%)",numeric,AFR,Africa,Country,ETH,Ethiopia,Year,2016,true,Sex,Male,MLE,,,,,,,,,,43.3,,,,,,43.3,,,EN,2018-09-06T04:00:00.000Z
SA_0000001741,"Alcohol-attributable fractions (15+), liver cirrhosis deaths (%)",numeric,AFR,Africa,Country,ZAF,South Africa,Year,2016,true,Sex,Female,FMLE,,,,,,,,,,43.4,,,,,,43.4,,,EN,2018-09-06T04:00:00.000Z
SA_0000001741,"Alcohol-attributable fractions (15+), liver cirrhosis deaths (%)",numeric,SEAR,South-East Asia,Country,THA,Thailand,Year,2016,true,Sex,Female,FMLE,,,,,,,,,,43.6,,,,,,43.6,,,EN,2018-09-06T04:00:00.000Z
SA_0000001741,"Alcohol-attributable fractions (15+), liver cirrhosis deaths (%)",numeric,AFR,Africa,Country,CMR,Cameroon,Year,2016,true,Sex,Female,FMLE,,,,,,,,,,43.7,,,,,,43.7,,,EN,2018-09-06T04:00:00.000Z
SA_0000001741,"Alcohol-attributable fractions (15+), liver cirrhosis deaths (%)",numeric,AMR,Americas,Country,GRD,Grenada,Year,2016,true,Sex,Female,FMLE,,,,,,,,,,43.7,,,,,,43.7,,,EN,2018-09-06T04:00:00.000Z
SA_0000001741,"Alcohol-attributable fractions (15+), liver cirrhosis deaths (%)",numeric,AFR,Africa,Country,TGO,Togo,Year,2016,true,Sex,Male,MLE,,,,,,,,,,43.7,,,,,,43.7,,,EN,2018-09-06T04:00:00.000Z
SA_0000001741,"Alcohol-attributable fractions (15+), liver cirrhosis deaths (%)",numeric,AMR,Americas,Country,VCT,Saint Vincent and the Grenadines,Year,2016,true,Sex,Female,FMLE,,,,,,,,,,44,,,,,,44,,,EN,2018-09-06T04:00:00.000Z
SA_0000001741,"Alcohol-attributable fractions (15+), liver cirrhosis deaths (%)",numeric,AFR,Africa,Country,CIV,Côte d’Ivoire,Year,2016,true,Sex,Female,FMLE,,,,,,,,,,44.1,,,,,,44.1,,,EN,2018-09-06T04:00:00.000Z
SA_0000001741,"Alcohol-attributable fractions (15+), liver cirrhosis deaths (%)",numeric,AFR,Africa,Country,NAM,Namibia,Year,2016,true,Sex,Female,FMLE,,,,,,,,,,44.4,,,,,,44.4,,,EN,2018-09-06T04:00:00.000Z
SA_0000001741,"Alcohol-attributable fractions (15+), liver cirrhosis deaths (%)",numeric,AFR,Africa,Country,RWA,Rwanda,Year,2016,true,Sex,Female,FMLE,,,,,,,,,,44.7,,,,,,44.7,,,EN,2018-09-06T04:00:00.000Z
SA_0000001741,"Alcohol-attributable fractions (15+), liver cirrhosis deaths (%)",numeric,AFR,Africa,Country,SWZ,Eswatini,Year,2016,true,Sex,Female,FMLE,,,,,,,,,,44.9,,,,,,44.9,,,EN,2018-09-06T04:00:00.000Z
SA_0000001741,"Alcohol-attributable fractions (15+), liver cirrhosis deaths (%)",numeric,EUR,Europe,Country,KAZ,Kazakhstan,Year,2016,true,Sex,Female,FMLE,,,,,,,,,,45.2,,,,,,45.2,,,EN,2018-09-06T04:00:00.000Z
SA_0000001741,"Alcohol-attributable fractions (15+), liver cirrhosis deaths (%)",numeric,WPR,Western Pacific,Country,FJI,Fiji,Year,2016,true,Sex,Male,MLE,,,,,,,,,,45.5,,,,,,45.5,,,EN,2018-09-06T04:00:00.000Z
SA_0000001741,"Alcohol-attributable fractions (15+), liver cirrhosis deaths (%)",numeric,EUR,Europe,Country,ALB,Albania,Year,2016,true,Sex,Female,FMLE,,,,,,,,,,45.6,,,,,,45.6,,,EN,2018-09-06T04:00:00.000Z
SA_0000001741,"Alcohol-attributable fractions (15+), liver cirrhosis deaths (%)",numeric,SEAR,South-East Asia,Country,PRK,Democratic People's Republic of Korea,Year,2016,true,Sex,Male,MLE,,,,,,,,,,45.6,,,,,,45.6,,,EN,2018-09-06T04:00:00.000Z
SA_0000001741,"Alcohol-attributable fractions (15+), liver cirrhosis deaths (%)",numeric,AFR,Africa,Country,TZA,United Republic of Tanzania,Year,2016,true,Sex,Female,FMLE,,,,,,,,,,45.8,,,,,,45.8,,,EN,2018-09-06T04:00:00.000Z
SA_0000001741,"Alcohol-attributable fractions (15+), liver cirrhosis deaths (%)",numeric,AMR,Americas,Country,ATG,Antigua and Barbuda,Year,2016,true,Sex,Female,FMLE,,,,,,,,,,45.9,,,,,,45.9,,,EN,2018-09-06T04:00:00.000Z
SA_0000001741,"Alcohol-attributable fractions (15+), liver cirrhosis deaths (%)",numeric,EUR,Europe,Country,AZE,Azerbaijan,Year,2016,true,Sex,Male,MLE,,,,,,,,,,46,,,,,,46,,,EN,2018-09-06T04:00:00.000Z
SA_0000001741,"Alcohol-attributable fractions (15+), liver cirrhosis deaths (%)",numeric,AFR,Africa,Country,COG,Congo,Year,2016,true,Sex,Female,FMLE,,,,,,,,,,46.2,,,,,,46.2,,,EN,2018-09-06T04:00:00.000Z
SA_0000001741,"Alcohol-attributable fractions (15+), liver cirrhosis deaths (%)",numeric,AFR,Africa,Country,UGA,Uganda,Year,2016,true,Sex,Female,FMLE,,,,,,,,,,47.2,,,,,,47.2,,,EN,2018-09-06T04:00:00.000Z
SA_0000001741,"Alcohol-attributable fractions (15+), liver cirrhosis deaths (%)",numeric,EUR,Europe,Country,GEO,Georgia,Year,2016,true,Sex,Female,FMLE,,,,,,,,,,47.3,,,,,,47.3,,,EN,2018-09-06T04:00:00.000Z
SA_0000001741,"Alcohol-attributable fractions (15+), liver cirrhosis deaths (%)",numeric,AFR,Africa,Country,KEN,Kenya,Year,2016,true,Sex,Male,MLE,,,,,,,,,,47.4,,,,,,47.4,,,EN,2018-09-06T04:00:00.000Z
SA_0000001741,"Alcohol-attributable fractions (15+), liver cirrhosis deaths (%)",numeric,EUR,Europe,Country,MKD,The former Yugoslav Republic of Macedonia,Year,2016,true,Sex,Female,FMLE,,,,,,,,,,47.8,,,,,,47.8,,,EN,2018-09-06T04:00:00.000Z
SA_0000001741,"Alcohol-attributable fractions (15+), liver cirrhosis deaths (%)",numeric,AMR,Americas,Country,ECU,Ecuador,Year,2016,true,Sex,Male,MLE,,,,,,,,,,48.2,,,,,,48.2,,,EN,2018-09-06T04:00:00.000Z
SA_0000001741,"Alcohol-attributable fractions (15+), liver cirrhosis deaths (%)",numeric,WPR,Western Pacific,Country,LAO,Lao People's Democratic Republic,Year,2016,true,Sex,Female,FMLE,,,,,,,,,,48.3,,,,,,48.3,,,EN,2018-09-06T04:00:00.000Z
SA_0000001741,"Alcohol-attributable fractions (15+), liver cirrhosis deaths (%)",numeric,EUR,Europe,Country,MNE,Montenegro,Year,2016,true,Sex,Female,FMLE,,,,,,,,,,48.3,,,,,,48.3,,,EN,2018-09-06T04:00:00.000Z
SA_0000001741,"Alcohol-attributable fractions (15+), liver cirrhosis deaths (%)",numeric,WPR,Western Pacific,Country,JPN,Japan,Year,2016,true,Sex,Female,FMLE,,,,,,,,,,48.6,,,,,,48.6,,,EN,2018-09-06T04:00:00.000Z
SA_0000001741,"Alcohol-attributable fractions (15+), liver cirrhosis deaths (%)",numeric,EUR,Europe,Country,ITA,Italy,Year,2016,true,Sex,Female,FMLE,,,,,,,,,,48.7,,,,,,48.7,,,EN,2018-09-06T04:00:00.000Z
SA_0000001741,"Alcohol-attributable fractions (15+), liver cirrhosis deaths (%)",numeric,AMR,Americas,Country,JAM,Jamaica,Year,2016,true,Sex,Male,MLE,,,,,,,,,,48.7,,,,,,48.7,,,EN,2018-09-06T04:00:00.000Z
SA_0000001741,"Alcohol-attributable fractions (15+), liver cirrhosis deaths (%)",numeric,AFR,Africa,Country,MWI,Malawi,Year,2016,true,Sex,Male,MLE,,,,,,,,,,48.9,,,,,,48.9,,,EN,2018-09-06T04:00:00.000Z
SA_0000001741,"Alcohol-attributable fractions (15+), liver cirrhosis deaths (%)",numeric,AFR,Africa,Country,GMB,Gambia,Year,2016,true,Sex,Male,MLE,,,,,,,,,,49.4,,,,,,49.4,,,EN,2018-09-06T04:00:00.000Z
SA_0000001741,"Alcohol-attributable fractions (15+), liver cirrhosis deaths (%)",numeric,AFR,Africa,Country,SSD,South Sudan,Year,2016,true,Sex,Male,MLE,,,,,,,,,,49.4,,,,,,49.4,,,EN,2018-09-06T04:00:00.000Z
SA_0000001741,"Alcohol-attributable fractions (15+), liver cirrhosis deaths (%)",numeric,AFR,Africa,Country,MUS,Mauritius,Year,2016,true,Sex,Male,MLE,,,,,,,,,,49.8,,,,,,49.8,,,EN,2018-09-06T04:00:00.000Z
SA_0000001741,"Alcohol-attributable fractions (15+), liver cirrhosis deaths (%)",numeric,EMR,Eastern Mediterranean,Country,MAR,Morocco,Year,2016,true,Sex,Female,FMLE,,,,,,,,,,5.3,,,,,,5.3,,,EN,2018-09-06T04:00:00.000Z
SA_0000001741,"Alcohol-attributable fractions (15+), liver cirrhosis deaths (%)",numeric,EMR,Eastern Mediterranean,Country,AFG,Afghanistan,Year,2016,true,Sex,Male,MLE,,,,,,,,,,5.5,,,,,,5.5,,,EN,2018-09-06T04:00:00.000Z
SA_0000001741,"Alcohol-attributable fractions (15+), liver cirrhosis deaths (%)",numeric,EUR,Europe,Country,EST,Estonia,Year,2016,true,Sex,Male,MLE,,,,,,,,,,50.3,,,,,,50.3,,,EN,2018-09-06T04:00:00.000Z
SA_0000001741,"Alcohol-attributable fractions (15+), liver cirrhosis deaths (%)",numeric,EUR,Europe,Country,MLT,Malta,Year,2016,true,Sex,Female,FMLE,,,,,,,,,,50.8,,,,,,50.8,,,EN,2018-09-06T04:00:00.000Z
SA_0000001741,"Alcohol-attributable fractions (15+), liver cirrhosis deaths (%)",numeric,AMR,Americas,Country,TTO,Trinidad and Tobago,Year,2016,true,Sex,Female,FMLE,,,,,,,,,,50.8,,,,,,50.8,,,EN,2018-09-06T04:00:00.000Z
SA_0000001741,"Alcohol-attributable fractions (15+), liver cirrhosis deaths (%)",numeric,AMR,Americas,Country,BHS,Bahamas,Year,2016,true,Sex,Male,MLE,,,,,,,,,,51.2,,,,,,51.2,,,EN,2018-09-06T04:00:00.000Z
SA_0000001741,"Alcohol-attributable fractions (15+), liver cirrhosis deaths (%)",numeric,AMR,Americas,Country,BRB,Barbados,Year,2016,true,Sex,Female,FMLE,,,,,,,,,,51.3,,,,,,51.3,,,EN,2018-09-06T04:00:00.000Z
SA_0000001741,"Alcohol-attributable fractions (15+), liver cirrhosis deaths (%)",numeric,AMR,Americas,Country,HND,Honduras,Year,2016,true,Sex,Male,MLE,,,,,,,,,,51.5,,,,,,51.5,,,EN,2018-09-06T04:00:00.000Z
SA_0000001741,"Alcohol-attributable fractions (15+), liver cirrhosis deaths (%)",numeric,EUR,Europe,Country,UKR,Ukraine,Year,2016,true,Sex,Male,MLE,,,,,,,,,,51.6,,,,,,51.6,,,EN,2018-09-06T04:00:00.000Z
SA_0000001741,"Alcohol-attributable fractions (15+), liver cirrhosis deaths (%)",numeric,EUR,Europe,Country,RUS,Russian Federation,Year,2016,true,Sex,Male,MLE,,,,,,,,,,51.7,,,,,,51.7,,,EN,2018-09-06T04:00:00.000Z
SA_0000001741,"Alcohol-attributable fractions (15+), liver cirrhosis deaths (%)",numeric,EUR,Europe,Country,LVA,Latvia,Year,2016,true,Sex,Male,MLE,,,,,,,,,,51.9,,,,,,51.9,,,EN,2018-09-06T04:00:00.000Z
SA_0000001741,"Alcohol-attributable fractions (15+), liver cirrhosis deaths (%)",numeric,EUR,Europe,Country,BLR,Belarus,Year,2016,true,Sex,Male,MLE,,,,,,,,,,52,,,,,,52,,,EN,2018-09-06T04:00:00.000Z
SA_0000001741,"Alcohol-attributable fractions (15+), liver cirrhosis deaths (%)",numeric,AMR,Americas,Country,BOL,Bolivia (Plurinational State of),Year,2016,true,Sex,Male,MLE,,,,,,,,,,52.5,,,,,,52.5,,,EN,2018-09-06T04:00:00.000Z
SA_0000001741,"Alcohol-attributable fractions (15+), liver cirrhosis deaths (%)",numeric,EUR,Europe,Country,ISR,Israel,Year,2016,true,Sex,Male,MLE,,,,,,,,,,52.8,,,,,,52.8,,,EN,2018-09-06T04:00:00.000Z
SA_0000001741,"Alcohol-attributable fractions (15+), liver cirrhosis deaths (%)",numeric,EUR,Europe,Country,HRV,Croatia,Year,2016,true,Sex,Female,FMLE,,,,,,,,,,52.9,,,,,,52.9,,,EN,2018-09-06T04:00:00.000Z
SA_0000001741,"Alcohol-attributable fractions (15+), liver cirrhosis deaths (%)",numeric,AMR,Americas,Country,SLV,El Salvador,Year,2016,true,Sex,Male,MLE,,,,,,,,,,53.2,,,,,,53.2,,,EN,2018-09-06T04:00:00.000Z
SA_0000001741,"Alcohol-attributable fractions (15+), liver cirrhosis deaths (%)",numeric,AMR,Americas,Country,CHL,Chile,Year,2016,true,Sex,Female,FMLE,,,,,,,,,,53.6,,,,,,53.6,,,EN,2018-09-06T04:00:00.000Z
SA_0000001741,"Alcohol-attributable fractions (15+), liver cirrhosis deaths (%)",numeric,EUR,Europe,Country,LTU,Lithuania,Year,2016,true,Sex,Male,MLE,,,,,,,,,,53.6,,,,,,53.6,,,EN,2018-09-06T04:00:00.000Z
SA_0000001741,"Alcohol-attributable fractions (15+), liver cirrhosis deaths (%)",numeric,AMR,Americas,Country,LCA,Saint Lucia,Year,2016,true,Sex,Female,FMLE,,,,,,,,,,54,,,,,,54,,,EN,2018-09-06T04:00:00.000Z
SA_0000001741,"Alcohol-attributable fractions (15+), liver cirrhosis deaths (%)",numeric,AMR,Americas,Country,ARG,Argentina,Year,2016,true,Sex,Female,FMLE,,,,,,,,,,54.2,,,,,,54.2,,,EN,2018-09-06T04:00:00.000Z
SA_0000001741,"Alcohol-attributable fractions (15+), liver cirrhosis deaths (%)",numeric,AFR,Africa,Country,SYC,Seychelles,Year,2016,true,Sex,Female,FMLE,,,,,,,,,,54.2,,,,,,54.2,,,EN,2018-09-06T04:00:00.000Z
SA_0000001741,"Alcohol-attributable fractions (15+), liver cirrhosis deaths (%)",numeric,AFR,Africa,Country,ZWE,Zimbabwe,Year,2016,true,Sex,Male,MLE,,,,,,,,,,54.4,,,,,,54.4,,,EN,2018-09-06T04:00:00.000Z
SA_0000001741,"Alcohol-attributable fractions (15+), liver cirrhosis deaths (%)",numeric,AMR,Americas,Country,CAN,Canada,Year,2016,true,Sex,Female,FMLE,,,,,,,,,,54.6,,,,,,54.6,,,EN,2018-09-06T04:00:00.000Z
SA_0000001741,"Alcohol-attributable fractions (15+), liver cirrhosis deaths (%)",numeric,EUR,Europe,Country,NOR,Norway,Year,2016,true,Sex,Female,FMLE,,,,,,,,,,54.7,,,,,,54.7,,,EN,2018-09-06T04:00:00.000Z
SA_0000001741,"Alcohol-attributable fractions (15+), liver cirrhosis deaths (%)",numeric,AFR,Africa,Country,GNB,Guinea-Bissau,Year,2016,true,Sex,Male,MLE,,,,,,,,,,55,,,,,,55,,,EN,2018-09-06T04:00:00.000Z
SA_0000001741,"Alcohol-attributable fractions (15+), liver cirrhosis deaths (%)",numeric,EUR,Europe,Country,NLD,Netherlands,Year,2016,true,Sex,Female,FMLE,,,,,,,,,,55.5,,,,,,55.5,,,EN,2018-09-06T04:00:00.000Z
SA_0000001741,"Alcohol-attributable fractions (15+), liver cirrhosis deaths (%)",numeric,AMR,Americas,Country,CRI,Costa Rica,Year,2016,true,Sex,Male,MLE,,,,,,,,,,55.7,,,,,,55.7,,,EN,2018-09-06T04:00:00.000Z
SA_0000001741,"Alcohol-attributable fractions (15+), liver cirrhosis deaths (%)",numeric,AFR,Africa,Country,LSO,Lesotho,Year,2016,true,Sex,Male,MLE,,,,,,,,,,55.8,,,,,,55.8,,,EN,2018-09-06T04:00:00.000Z
SA_0000001741,"Alcohol-attributable fractions (15+), liver cirrhosis deaths (%)",numeric,AFR,Africa,Country,GAB,Gabon,Year,2016,true,Sex,Female,FMLE,,,,,,,,,,55.9,,,,,,55.9,,,EN,2018-09-06T04:00:00.000Z
SA_0000001741,"Alcohol-attributable fractions (15+), liver cirrhosis deaths (%)",numeric,EUR,Europe,Country,GRC,Greece,Year,2016,true,Sex,Female,FMLE,,,,,,,,,,56.1,,,,,,56.1,,,EN,2018-09-06T04:00:00.000Z
SA_0000001741,"Alcohol-attributable fractions (15+), liver cirrhosis deaths (%)",numeric,AMR,Americas,Country,SUR,Suriname,Year,2016,true,Sex,Male,MLE,,,,,,,,,,56.1,,,,,,56.1,,,EN,2018-09-06T04:00:00.000Z
SA_0000001741,"Alcohol-attributable fractions (15+), liver cirrhosis deaths (%)",numeric,WPR,Western Pacific,Country,KOR,Republic of Korea,Year,2016,true,Sex,Female,FMLE,,,,,,,,,,56.3,,,,,,56.3,,,EN,2018-09-06T04:00:00.000Z
SA_0000001741,"Alcohol-attributable fractions (15+), liver cirrhosis deaths (%)",numeric,EUR,Europe,Country,ESP,Spain,Year,2016,true,Sex,Female,FMLE,,,,,,,,,,56.3,,,,,,56.3,,,EN,2018-09-06T04:00:00.000Z
SA_0000001741,"Alcohol-attributable fractions (15+), liver cirrhosis deaths (%)",numeric,EUR,Europe,Country,SWE,Sweden,Year,2016,true,Sex,Female,FMLE,,,,,,,,,,56.4,,,,,,56.4,,,EN,2018-09-06T04:00:00.000Z
SA_0000001741,"Alcohol-attributable fractions (15+), liver cirrhosis deaths (%)",numeric,SEAR,South-East Asia,Country,LKA,Sri Lanka,Year,2016,true,Sex,Male,MLE,,,,,,,,,,56.7,,,,,,56.7,,,EN,2018-09-06T04:00:00.000Z
SA_0000001741,"Alcohol-attributable fractions (15+), liver cirrhosis deaths (%)",numeric,AFR,Africa,Country,NGA,Nigeria,Year,2016,true,Sex,Female,FMLE,,,,,,,,,,57,,,,,,57,,,EN,2018-09-06T04:00:00.000Z
SA_0000001741,"Alcohol-attributable fractions (15+), liver cirrhosis deaths (%)",numeric,EUR,Europe,Country,MDA,Republic of Moldova,Year,2016,true,Sex,Male,MLE,,,,,,,,,,57,,,,,,57,,,EN,2018-09-06T04:00:00.000Z
SA_0000001741,"Alcohol-attributable fractions (15+), liver cirrhosis deaths (%)",numeric,AMR,Americas,Country,URY,Uruguay,Year,2016,true,Sex,Female,FMLE,,,,,,,,,,57,,,,,,57,,,EN,2018-09-06T04:00:00.000Z
SA_0000001741,"Alcohol-attributable fractions (15+), liver cirrhosis deaths (%)",numeric,EUR,Europe,Country,SRB,Serbia,Year,2016,true,Sex,Female,FMLE,,,,,,,,,,57.3,,,,,,57.3,,,EN,2018-09-06T04:00:00.000Z
SA_0000001741,"Alcohol-attributable fractions (15+), liver cirrhosis deaths (%)",numeric,AFR,Africa,Country,ZMB,Zambia,Year,2016,true,Sex,Male,MLE,,,,,,,,,,57.4,,,,,,57.4,,,EN,2018-09-06T04:00:00.000Z
SA_0000001741,"Alcohol-attributable fractions (15+), liver cirrhosis deaths (%)",numeric,EUR,Europe,Country,ISL,Iceland,Year,2016,true,Sex,Female,FMLE,,,,,,,,,,57.5,,,,,,57.5,,,EN,2018-09-06T04:00:00.000Z
SA_0000001741,"Alcohol-attributable fractions (15+), liver cirrhosis deaths (%)",numeric,AFR,Africa,Country,GNQ,Equatorial Guinea,Year,2016,true,Sex,Female,FMLE,,,,,,,,,,57.7,,,,,,57.7,,,EN,2018-09-06T04:00:00.000Z
SA_0000001741,"Alcohol-attributable fractions (15+), liver cirrhosis deaths (%)",numeric,SEAR,South-East Asia,Country,MMR,Myanmar,Year,2016,true,Sex,Male,MLE,,,,,,,,,,57.7,,,,,,57.7,,,EN,2018-09-06T04:00:00.000Z
SA_0000001741,"Alcohol-attributable fractions (15+), liver cirrhosis deaths (%)",numeric,EUR,Europe,Country,CYP,Cyprus,Year,2016,true,Sex,Female,FMLE,,,,,,,,,,57.8,,,,,,57.8,,,EN,2018-09-06T04:00:00.000Z
SA_0000001741,"Alcohol-attributable fractions (15+), liver cirrhosis deaths (%)",numeric,EUR,Europe,Country,UKR,Ukraine,Year,2016,true,Sex,Female,FMLE,,,,,,,,,,58.4,,,,,,58.4,,,EN,2018-09-06T04:00:00.000Z
SA_0000001741,"Alcohol-attributable fractions (15+), liver cirrhosis deaths (%)",numeric,EUR,Europe,Country,UZB,Uzbekistan,Year,2016,true,Sex,Male,MLE,,,,,,,,,,58.6,,,,,,58.6,,,EN,2018-09-06T04:00:00.000Z
SA_0000001741,"Alcohol-attributable fractions (15+), liver cirrhosis deaths (%)",numeric,AMR,Americas,Country,USA,United States of America,Year,2016,true,Sex,Female,FMLE,,,,,,,,,,59.2,,,,,,59.2,,,EN,2018-09-06T04:00:00.000Z
SA_0000001741,"Alcohol-attributable fractions (15+), liver cirrhosis deaths (%)",numeric,AMR,Americas,Country,COL,Colombia,Year,2016,true,Sex,Male,MLE,,,,,,,,,,59.9,,,,,,59.9,,,EN,2018-09-06T04:00:00.000Z
SA_0000001741,"Alcohol-attributable fractions (15+), liver cirrhosis deaths (%)",numeric,EMR,Eastern Mediterranean,Country,JOR,Jordan,Year,2016,true,Sex,Female,FMLE,,,,,,,,,,6.4,,,,,,6.4,,,EN,2018-09-06T04:00:00.000Z
SA_0000001741,"Alcohol-attributable fractions (15+), liver cirrhosis deaths (%)",numeric,SEAR,South-East Asia,Country,IND,India,Year,2016,true,Sex,Male,MLE,,,,,,,,,,60,,,,,,60,,,EN,2018-09-06T04:00:00.000Z
SA_0000001741,"Alcohol-attributable fractions (15+), liver cirrhosis deaths (%)",numeric,AMR,Americas,Country,PER,Peru,Year,2016,true,Sex,Male,MLE,,,,,,,,,,60.1,,,,,,60.1,,,EN,2018-09-06T04:00:00.000Z
SA_0000001741,"Alcohol-attributable fractions (15+), liver cirrhosis deaths (%)",numeric,EUR,Europe,Country,DNK,Denmark,Year,2016,true,Sex,Female,FMLE,,,,,,,,,,60.3,,,,,,60.3,,,EN,2018-09-06T04:00:00.000Z
SA_0000001741,"Alcohol-attributable fractions (15+), liver cirrhosis deaths (%)",numeric,AFR,Africa,Country,LBR,Liberia,Year,2016,true,Sex,Male,MLE,,,,,,,,,,60.5,,,,,,60.5,,,EN,2018-09-06T04:00:00.000Z
SA_0000001741,"Alcohol-attributable fractions (15+), liver cirrhosis deaths (%)",numeric,EUR,Europe,Country,TJK,Tajikistan,Year,2016,true,Sex,Male,MLE,,,,,,,,,,60.5,,,,,,60.5,,,EN,2018-09-06T04:00:00.000Z
SA_0000001741,"Alcohol-attributable fractions (15+), liver cirrhosis deaths (%)",numeric,AMR,Americas,Country,VEN,Venezuela (Bolivarian Republic of),Year,2016,true,Sex,Male,MLE,,,,,,,,,,60.5,,,,,,60.5,,,EN,2018-09-06T04:00:00.000Z
SA_0000001741,"Alcohol-attributable fractions (15+), liver cirrhosis deaths (%)",numeric,EUR,Europe,Country,HUN,Hungary,Year,2016,true,Sex,Female,FMLE,,,,,,,,,,60.7,,,,,,60.7,,,EN,2018-09-06T04:00:00.000Z
SA_0000001741,"Alcohol-attributable fractions (15+), liver cirrhosis deaths (%)",numeric,AMR,Americas,Country,HTI,Haiti,Year,2016,true,Sex,Male,MLE,,,,,,,,,,60.8,,,,,,60.8,,,EN,2018-09-06T04:00:00.000Z
SA_0000001741,"Alcohol-attributable fractions (15+), liver cirrhosis deaths (%)",numeric,AFR,Africa,Country,AGO,Angola,Year,2016,true,Sex,Male,MLE,,,,,,,,,,60.9,,,,,,60.9,,,EN,2018-09-06T04:00:00.000Z
SA_0000001741,"Alcohol-attributable fractions (15+), liver cirrhosis deaths (%)",numeric,AMR,Americas,Country,NIC,Nicaragua,Year,2016,true,Sex,Male,MLE,,,,,,,,,,61,,,,,,61,,,EN,2018-09-06T04:00:00.000Z
SA_0000001741,"Alcohol-attributable fractions (15+), liver cirrhosis deaths (%)",numeric,EUR,Europe,Country,FIN,Finland,Year,2016,true,Sex,Female,FMLE,,,,,,,,,,61.1,,,,,,61.1,,,EN,2018-09-06T04:00:00.000Z
SA_0000001741,"Alcohol-attributable fractions (15+), liver cirrhosis deaths (%)",numeric,WPR,Western Pacific,Country,NZL,New Zealand,Year,2016,true,Sex,Female,FMLE,,,,,,,,,,61.2,,,,,,61.2,,,EN,2018-09-06T04:00:00.000Z
SA_0000001741,"Alcohol-attributable fractions (15+), liver cirrhosis deaths (%)",numeric,AMR,Americas,Country,CUB,Cuba,Year,2016,true,Sex,Male,MLE,,,,,,,,,,61.3,,,,,,61.3,,,EN,2018-09-06T04:00:00.000Z
SA_0000001741,"Alcohol-attributable fractions (15+), liver cirrhosis deaths (%)",numeric,AFR,Africa,Country,CPV,Cabo Verde,Year,2016,true,Sex,Male,MLE,,,,,,,,,,61.5,,,,,,61.5,,,EN,2018-09-06T04:00:00.000Z
SA_0000001741,"Alcohol-attributable fractions (15+), liver cirrhosis deaths (%)",numeric,EUR,Europe,Country,MDA,Republic of Moldova,Year,2016,true,Sex,Female,FMLE,,,,,,,,,,61.5,,,,,,61.5,,,EN,2018-09-06T04:00:00.000Z
SA_0000001741,"Alcohol-attributable fractions (15+), liver cirrhosis deaths (%)",numeric,EUR,Europe,Country,RUS,Russian Federation,Year,2016,true,Sex,Female,FMLE,,,,,,,,,,61.8,,,,,,61.8,,,EN,2018-09-06T04:00:00.000Z
SA_0000001741,"Alcohol-attributable fractions (15+), liver cirrhosis deaths (%)",numeric,AFR,Africa,Country,SLE,Sierra Leone,Year,2016,true,Sex,Male,MLE,,,,,,,,,,61.8,,,,,,61.8,,,EN,2018-09-06T04:00:00.000Z
SA_0000001741,"Alcohol-attributable fractions (15+), liver cirrhosis deaths (%)",numeric,EUR,Europe,Country,SVK,Slovakia,Year,2016,true,Sex,Female,FMLE,,,,,,,,,,62,,,,,,62,,,EN,2018-09-06T04:00:00.000Z
SA_0000001741,"Alcohol-attributable fractions (15+), liver cirrhosis deaths (%)",numeric,EUR,Europe,Country,BGR,Bulgaria,Year,2016,true,Sex,Female,FMLE,,,,,,,,,,62.1,,,,,,62.1,,,EN,2018-09-06T04:00:00.000Z
SA_0000001741,"Alcohol-attributable fractions (15+), liver cirrhosis deaths (%)",numeric,EUR,Europe,Country,ROU,Romania,Year,2016,true,Sex,Female,FMLE,,,,,,,,,,62.1,,,,,,62.1,,,EN,2018-09-06T04:00:00.000Z
SA_0000001741,"Alcohol-attributable fractions (15+), liver cirrhosis deaths (%)",numeric,EUR,Europe,Country,POL,Poland,Year,2016,true,Sex,Female,FMLE,,,,,,,,,,62.2,,,,,,62.2,,,EN,2018-09-06T04:00:00.000Z
SA_0000001741,"Alcohol-attributable fractions (15+), liver cirrhosis deaths (%)",numeric,WPR,Western Pacific,Country,AUS,Australia,Year,2016,true,Sex,Female,FMLE,,,,,,,,,,62.5,,,,,,62.5,,,EN,2018-09-06T04:00:00.000Z
SA_0000001741,"Alcohol-attributable fractions (15+), liver cirrhosis deaths (%)",numeric,EUR,Europe,Country,EST,Estonia,Year,2016,true,Sex,Female,FMLE,,,,,,,,,,62.5,,,,,,62.5,,,EN,2018-09-06T04:00:00.000Z
SA_0000001741,"Alcohol-attributable fractions (15+), liver cirrhosis deaths (%)",numeric,EUR,Europe,Country,SVN,Slovenia,Year,2016,true,Sex,Female,FMLE,,,,,,,,,,62.5,,,,,,62.5,,,EN,2018-09-06T04:00:00.000Z
SA_0000001741,"Alcohol-attributable fractions (15+), liver cirrhosis deaths (%)",numeric,WPR,Western Pacific,Country,CHN,China,Year,2016,true,Sex,Male,MLE,,,,,,,,,,62.6,,,,,,62.6,,,EN,2018-09-06T04:00:00.000Z
SA_0000001741,"Alcohol-attributable fractions (15+), liver cirrhosis deaths (%)",numeric,EUR,Europe,Country,AUT,Austria,Year,2016,true,Sex,Female,FMLE,,,,,,,,,,63,,,,,,63,,,EN,2018-09-06T04:00:00.000Z
SA_0000001741,"Alcohol-attributable fractions (15+), liver cirrhosis deaths (%)",numeric,EUR,Europe,Country,PRT,Portugal,Year,2016,true,Sex,Female,FMLE,,,,,,,,,,63,,,,,,63,,,EN,2018-09-06T04:00:00.000Z
SA_0000001741,"Alcohol-attributable fractions (15+), liver cirrhosis deaths (%)",numeric,EUR,Europe,Country,CHE,Switzerland,Year,2016,true,Sex,Female,FMLE,,,,,,,,,,63.3,,,,,,63.3,,,EN,2018-09-06T04:00:00.000Z
SA_0000001741,"Alcohol-attributable fractions (15+), liver cirrhosis deaths (%)",numeric,EUR,Europe,Country,NOR,Norway,Year,2016,true,Sex,Male,MLE,,,,,,,,,,63.4,,,,,,63.4,,,EN,2018-09-06T04:00:00.000Z
SA_0000001741,"Alcohol-attributable fractions (15+), liver cirrhosis deaths (%)",numeric,EUR,Europe,Country,GBR,United Kingdom of Great Britain and Northern Ireland,Year,2016,true,Sex,Female,FMLE,,,,,,,,,,63.4,,,,,,63.4,,,EN,2018-09-06T04:00:00.000Z
SA_0000001741,"Alcohol-attributable fractions (15+), liver cirrhosis deaths (%)",numeric,EUR,Europe,Country,BLR,Belarus,Year,2016,true,Sex,Female,FMLE,,,,,,,,,,63.6,,,,,,63.6,,,EN,2018-09-06T04:00:00.000Z
SA_0000001741,"Alcohol-attributable fractions (15+), liver cirrhosis deaths (%)",numeric,EUR,Europe,Country,BEL,Belgium,Year,2016,true,Sex,Female,FMLE,,,,,,,,,,63.9,,,,,,63.9,,,EN,2018-09-06T04:00:00.000Z
SA_0000001741,"Alcohol-attributable fractions (15+), liver cirrhosis deaths (%)",numeric,AMR,Americas,Country,DOM,Dominican Republic,Year,2016,true,Sex,Male,MLE,,,,,,,,,,63.9,,,,,,63.9,,,EN,2018-09-06T04:00:00.000Z
SA_0000001741,"Alcohol-attributable fractions (15+), liver cirrhosis deaths (%)",numeric,AMR,Americas,Country,BLZ,Belize,Year,2016,true,Sex,Male,MLE,,,,,,,,,,64.4,,,,,,64.4,,,EN,2018-09-06T04:00:00.000Z
SA_0000001741,"Alcohol-attributable fractions (15+), liver cirrhosis deaths (%)",numeric,EUR,Europe,Country,FRA,France,Year,2016,true,Sex,Female,FMLE,,,,,,,,,,64.4,,,,,,64.4,,,EN,2018-09-06T04:00:00.000Z
SA_0000001741,"Alcohol-attributable fractions (15+), liver cirrhosis deaths (%)",numeric,EUR,Europe,Country,LVA,Latvia,Year,2016,true,Sex,Female,FMLE,,,,,,,,,,64.4,,,,,,64.4,,,EN,2018-09-06T04:00:00.000Z
SA_0000001741,"Alcohol-attributable fractions (15+), liver cirrhosis deaths (%)",numeric,AMR,Americas,Country,MEX,Mexico,Year,2016,true,Sex,Male,MLE,,,,,,,,,,64.4,,,,,,64.4,,,EN,2018-09-06T04:00:00.000Z
SA_0000001741,"Alcohol-attributable fractions (15+), liver cirrhosis deaths (%)",numeric,AFR,Africa,Country,STP,Sao Tome and Principe,Year,2016,true,Sex,Male,MLE,,,,,,,,,,64.6,,,,,,64.6,,,EN,2018-09-06T04:00:00.000Z
SA_0000001741,"Alcohol-attributable fractions (15+), liver cirrhosis deaths (%)",numeric,AMR,Americas,Country,GUY,Guyana,Year,2016,true,Sex,Male,MLE,,,,,,,,,,64.8,,,,,,64.8,,,EN,2018-09-06T04:00:00.000Z
SA_0000001741,"Alcohol-attributable fractions (15+), liver cirrhosis deaths (%)",numeric,WPR,Western Pacific,Country,PHL,Philippines,Year,2016,true,Sex,Male,MLE,,,,,,,,,,66,,,,,,66,,,EN,2018-09-06T04:00:00.000Z
SA_0000001741,"Alcohol-attributable fractions (15+), liver cirrhosis deaths (%)",numeric,AMR,Americas,Country,PRY,Paraguay,Year,2016,true,Sex,Male,MLE,,,,,,,,,,66.3,,,,,,66.3,,,EN,2018-09-06T04:00:00.000Z
SA_0000001741,"Alcohol-attributable fractions (15+), liver cirrhosis deaths (%)",numeric,EUR,Europe,Country,DEU,Germany,Year,2016,true,Sex,Female,FMLE,,,,,,,,,,66.4,,,,,,66.4,,,EN,2018-09-06T04:00:00.000Z
SA_0000001741,"Alcohol-attributable fractions (15+), liver cirrhosis deaths (%)",numeric,WPR,Western Pacific,Country,KHM,Cambodia,Year,2016,true,Sex,Male,MLE,,,,,,,,,,66.5,,,,,,66.5,,,EN,2018-09-06T04:00:00.000Z
SA_0000001741,"Alcohol-attributable fractions (15+), liver cirrhosis deaths (%)",numeric,AFR,Africa,Country,COG,Congo,Year,2016,true,Sex,Male,MLE,,,,,,,,,,66.6,,,,,,66.6,,,EN,2018-09-06T04:00:00.000Z
SA_0000001741,"Alcohol-attributable fractions (15+), liver cirrhosis deaths (%)",numeric,AFR,Africa,Country,BDI,Burundi,Year,2016,true,Sex,Male,MLE,,,,,,,,,,66.7,,,,,,66.7,,,EN,2018-09-06T04:00:00.000Z
SA_0000001741,"Alcohol-attributable fractions (15+), liver cirrhosis deaths (%)",numeric,WPR,Western Pacific,Country,MNG,Mongolia,Year,2016,true,Sex,Male,MLE,,,,,,,,,,66.8,,,,,,66.8,,,EN,2018-09-06T04:00:00.000Z
SA_0000001741,"Alcohol-attributable fractions (15+), liver cirrhosis deaths (%)",numeric,AFR,Africa,Country,BFA,Burkina Faso,Year,2016,true,Sex,Male,MLE,,,,,,,,,,66.9,,,,,,66.9,,,EN,2018-09-06T04:00:00.000Z
SA_0000001741,"Alcohol-attributable fractions (15+), liver cirrhosis deaths (%)",numeric,EUR,Europe,Country,IRL,Ireland,Year,2016,true,Sex,Female,FMLE,,,,,,,,,,67,,,,,,67,,,EN,2018-09-06T04:00:00.000Z
SA_0000001741,"Alcohol-attributable fractions (15+), liver cirrhosis deaths (%)",numeric,AMR,Americas,Country,PAN,Panama,Year,2016,true,Sex,Male,MLE,,,,,,,,,,67,,,,,,67,,,EN,2018-09-06T04:00:00.000Z
SA_0000001741,"Alcohol-attributable fractions (15+), liver cirrhosis deaths (%)",numeric,EUR,Europe,Country,CZE,Czechia,Year,2016,true,Sex,Female,FMLE,,,,,,,,,,67.3,,,,,,67.3,,,EN,2018-09-06T04:00:00.000Z
SA_0000001741,"Alcohol-attributable fractions (15+), liver cirrhosis deaths (%)",numeric,AFR,Africa,Country,CMR,Cameroon,Year,2016,true,Sex,Male,MLE,,,,,,,,,,67.4,,,,,,67.4,,,EN,2018-09-06T04:00:00.000Z
SA_0000001741,"Alcohol-attributable fractions (15+), liver cirrhosis deaths (%)",numeric,AMR,Americas,Country,ATG,Antigua and Barbuda,Year,2016,true,Sex,Male,MLE,,,,,,,,,,67.6,,,,,,67.6,,,EN,2018-09-06T04:00:00.000Z
SA_0000001741,"Alcohol-attributable fractions (15+), liver cirrhosis deaths (%)",numeric,EUR,Europe,Country,ITA,Italy,Year,2016,true,Sex,Male,MLE,,,,,,,,,,67.6,,,,,,67.6,,,EN,2018-09-06T04:00:00.000Z
SA_0000001741,"Alcohol-attributable fractions (15+), liver cirrhosis deaths (%)",numeric,EUR,Europe,Country,LTU,Lithuania,Year,2016,true,Sex,Female,FMLE,,,,,,,,,,67.6,,,,,,67.6,,,EN,2018-09-06T04:00:00.000Z
SA_0000001741,"Alcohol-attributable fractions (15+), liver cirrhosis deaths (%)",numeric,AFR,Africa,Country,BWA,Botswana,Year,2016,true,Sex,Male,MLE,,,,,,,,,,67.8,,,,,,67.8,,,EN,2018-09-06T04:00:00.000Z
SA_0000001741,"Alcohol-attributable fractions (15+), liver cirrhosis deaths (%)",numeric,WPR,Western Pacific,Country,JPN,Japan,Year,2016,true,Sex,Male,MLE,,,,,,,,,,67.8,,,,,,67.8,,,EN,2018-09-06T04:00:00.000Z
SA_0000001741,"Alcohol-attributable fractions (15+), liver cirrhosis deaths (%)",numeric,EUR,Europe,Country,LUX,Luxembourg,Year,2016,true,Sex,Female,FMLE,,,,,,,,,,68,,,,,,68,,,EN,2018-09-06T04:00:00.000Z
SA_0000001741,"Alcohol-attributable fractions (15+), liver cirrhosis deaths (%)",numeric,AFR,Africa,Country,SWZ,Eswatini,Year,2016,true,Sex,Male,MLE,,,,,,,,,,68.3,,,,,,68.3,,,EN,2018-09-06T04:00:00.000Z
SA_0000001741,"Alcohol-attributable fractions (15+), liver cirrhosis deaths (%)",numeric,AFR,Africa,Country,CIV,Côte d’Ivoire,Year,2016,true,Sex,Male,MLE,,,,,,,,,,68.4,,,,,,68.4,,,EN,2018-09-06T04:00:00.000Z
SA_0000001741,"Alcohol-attributable fractions (15+), liver cirrhosis deaths (%)",numeric,EUR,Europe,Country,BIH,Bosnia and Herzegovina,Year,2016,true,Sex,Male,MLE,,,,,,,,,,68.6,,,,,,68.6,,,EN,2018-09-06T04:00:00.000Z
SA_0000001741,"Alcohol-attributable fractions (15+), liver cirrhosis deaths (%)",numeric,AMR,Americas,Country,TTO,Trinidad and Tobago,Year,2016,true,Sex,Male,MLE,,,,,,,,,,69,,,,,,69,,,EN,2018-09-06T04:00:00.000Z
SA_0000001741,"Alcohol-attributable fractions (15+), liver cirrhosis deaths (%)",numeric,EUR,Europe,Country,TKM,Turkmenistan,Year,2016,true,Sex,Male,MLE,,,,,,,,,,69,,,,,,69,,,EN,2018-09-06T04:00:00.000Z
SA_0000001741,"Alcohol-attributable fractions (15+), liver cirrhosis deaths (%)",numeric,EUR,Europe,Country,ARM,Armenia,Year,2016,true,Sex,Male,MLE,,,,,,,,,,69.2,,,,,,69.2,,,EN,2018-09-06T04:00:00.000Z
SA_0000001741,"Alcohol-attributable fractions (15+), liver cirrhosis deaths (%)",numeric,EUR,Europe,Country,MLT,Malta,Year,2016,true,Sex,Male,MLE,,,,,,,,,,69.2,,,,,,69.2,,,EN,2018-09-06T04:00:00.000Z
SA_0000001741,"Alcohol-attributable fractions (15+), liver cirrhosis deaths (%)",numeric,AFR,Africa,Country,NAM,Namibia,Year,2016,true,Sex,Male,MLE,,,,,,,,,,69.3,,,,,,69.3,,,EN,2018-09-06T04:00:00.000Z
SA_0000001741,"Alcohol-attributable fractions (15+), liver cirrhosis deaths (%)",numeric,AMR,Americas,Country,BRA,Brazil,Year,2016,true,Sex,Male,MLE,,,,,,,,,,69.5,,,,,,69.5,,,EN,2018-09-06T04:00:00.000Z
SA_0000001741,"Alcohol-attributable fractions (15+), liver cirrhosis deaths (%)",numeric,AMR,Americas,Country,VCT,Saint Vincent and the Grenadines,Year,2016,true,Sex,Male,MLE,,,,,,,,,,69.5,,,,,,69.5,,,EN,2018-09-06T04:00:00.000Z
SA_0000001741,"Alcohol-attributable fractions (15+), liver cirrhosis deaths (%)",numeric,AFR,Africa,Country,ZAF,South Africa,Year,2016,true,Sex,Male,MLE,,,,,,,,,,69.5,,,,,,69.5,,,EN,2018-09-06T04:00:00.000Z
SA_0000001741,"Alcohol-attributable fractions (15+), liver cirrhosis deaths (%)",numeric,EUR,Europe,Country,NLD,Netherlands,Year,2016,true,Sex,Male,MLE,,,,,,,,,,69.7,,,,,,69.7,,,EN,2018-09-06T04:00:00.000Z
SA_0000001741,"Alcohol-attributable fractions (15+), liver cirrhosis deaths (%)",numeric,AFR,Africa,Country,TZA,United Republic of Tanzania,Year,2016,true,Sex,Male,MLE,,,,,,,,,,69.7,,,,,,69.7,,,EN,2018-09-06T04:00:00.000Z
SA_0000001741,"Alcohol-attributable fractions (15+), liver cirrhosis deaths (%)",numeric,AFR,Africa,Country,DZA,Algeria,Year,2016,true,Sex,Female,FMLE,,,,,,,,,,7,,,,,,7,,,EN,2018-09-06T04:00:00.000Z
SA_0000001741,"Alcohol-attributable fractions (15+), liver cirrhosis deaths (%)",numeric,AFR,Africa,Country,COM,Comoros,Year,2016,true,Sex,Female,FMLE,,,,,,,,,,7,,,,,,7,,,EN,2018-09-06T04:00:00.000Z
SA_0000001741,"Alcohol-attributable fractions (15+), liver cirrhosis deaths (%)",numeric,EMR,Eastern Mediterranean,Country,SOM,Somalia,Year,2016,true,Sex,Male,MLE,,,,,,,,,,7.4,,,,,,7.4,,,EN,2018-09-06T04:00:00.000Z
SA_0000001741,"Alcohol-attributable fractions (15+), liver cirrhosis deaths (%)",numeric,EMR,Eastern Mediterranean,Country,SYR,Syrian Arab Republic,Year,2016,true,Sex,Male,MLE,,,,,,,,,,7.6,,,,,,7.6,,,EN,2018-09-06T04:00:00.000Z
SA_0000001741,"Alcohol-attributable fractions (15+), liver cirrhosis deaths (%)",numeric,WPR,Western Pacific,Country,VNM,Viet Nam,Year,2016,true,Sex,Male,MLE,,,,,,,,,,70,,,,,,70,,,EN,2018-09-06T04:00:00.000Z
SA_0000001741,"Alcohol-attributable fractions (15+), liver cirrhosis deaths (%)",numeric,EUR,Europe,Country,ALB,Albania,Year,2016,true,Sex,Male,MLE,,,,,,,,,,70.3,,,,,,70.3,,,EN,2018-09-06T04:00:00.000Z
SA_0000001741,"Alcohol-attributable fractions (15+), liver cirrhosis deaths (%)",numeric,EUR,Europe,Country,SWE,Sweden,Year,2016,true,Sex,Male,MLE,,,,,,,,,,70.3,,,,,,70.3,,,EN,2018-09-06T04:00:00.000Z
SA_0000001741,"Alcohol-attributable fractions (15+), liver cirrhosis deaths (%)",numeric,AFR,Africa,Country,RWA,Rwanda,Year,2016,true,Sex,Male,MLE,,,,,,,,,,70.4,,,,,,70.4,,,EN,2018-09-06T04:00:00.000Z
SA_0000001741,"Alcohol-attributable fractions (15+), liver cirrhosis deaths (%)",numeric,AFR,Africa,Country,UGA,Uganda,Year,2016,true,Sex,Male,MLE,,,,,,,,,,70.4,,,,,,70.4,,,EN,2018-09-06T04:00:00.000Z
SA_0000001741,"Alcohol-attributable fractions (15+), liver cirrhosis deaths (%)",numeric,AMR,Americas,Country,CHL,Chile,Year,2016,true,Sex,Male,MLE,,,,,,,,,,71,,,,,,71,,,EN,2018-09-06T04:00:00.000Z
SA_0000001741,"Alcohol-attributable fractions (15+), liver cirrhosis deaths (%)",numeric,SEAR,South-East Asia,Country,THA,Thailand,Year,2016,true,Sex,Male,MLE,,,,,,,,,,71.1,,,,,,71.1,,,EN,2018-09-06T04:00:00.000Z
SA_0000001741,"Alcohol-attributable fractions (15+), liver cirrhosis deaths (%)",numeric,AMR,Americas,Country,GRD,Grenada,Year,2016,true,Sex,Male,MLE,,,,,,,,,,71.6,,,,,,71.6,,,EN,2018-09-06T04:00:00.000Z
SA_0000001741,"Alcohol-attributable fractions (15+), liver cirrhosis deaths (%)",numeric,EUR,Europe,Country,MNE,Montenegro,Year,2016,true,Sex,Male,MLE,,,,,,,,,,71.8,,,,,,71.8,,,EN,2018-09-06T04:00:00.000Z
SA_0000001741,"Alcohol-attributable fractions (15+), liver cirrhosis deaths (%)",numeric,EUR,Europe,Country,MKD,The former Yugoslav Republic of Macedonia,Year,2016,true,Sex,Male,MLE,,,,,,,,,,72,,,,,,72,,,EN,2018-09-06T04:00:00.000Z
SA_0000001741,"Alcohol-attributable fractions (15+), liver cirrhosis deaths (%)",numeric,AMR,Americas,Country,ARG,Argentina,Year,2016,true,Sex,Male,MLE,,,,,,,,,,72.3,,,,,,72.3,,,EN,2018-09-06T04:00:00.000Z
SA_0000001741,"Alcohol-attributable fractions (15+), liver cirrhosis deaths (%)",numeric,AMR,Americas,Country,BRB,Barbados,Year,2016,true,Sex,Male,MLE,,,,,,,,,,72.3,,,,,,72.3,,,EN,2018-09-06T04:00:00.000Z
SA_0000001741,"Alcohol-attributable fractions (15+), liver cirrhosis deaths (%)",numeric,EUR,Europe,Country,KGZ,Kyrgyzstan,Year,2016,true,Sex,Male,MLE,,,,,,,,,,72.3,,,,,,72.3,,,EN,2018-09-06T04:00:00.000Z
SA_0000001741,"Alcohol-attributable fractions (15+), liver cirrhosis deaths (%)",numeric,AFR,Africa,Country,GNQ,Equatorial Guinea,Year,2016,true,Sex,Male,MLE,,,,,,,,,,72.4,,,,,,72.4,,,EN,2018-09-06T04:00:00.000Z
SA_0000001741,"Alcohol-attributable fractions (15+), liver cirrhosis deaths (%)",numeric,AMR,Americas,Country,CAN,Canada,Year,2016,true,Sex,Male,MLE,,,,,,,,,,72.7,,,,,,72.7,,,EN,2018-09-06T04:00:00.000Z
SA_0000001741,"Alcohol-attributable fractions (15+), liver cirrhosis deaths (%)",numeric,WPR,Western Pacific,Country,LAO,Lao People's Democratic Republic,Year,2016,true,Sex,Male,MLE,,,,,,,,,,72.7,,,,,,72.7,,,EN,2018-09-06T04:00:00.000Z
SA_0000001741,"Alcohol-attributable fractions (15+), liver cirrhosis deaths (%)",numeric,EUR,Europe,Country,ISL,Iceland,Year,2016,true,Sex,Male,MLE,,,,,,,,,,72.8,,,,,,72.8,,,EN,2018-09-06T04:00:00.000Z
SA_0000001741,"Alcohol-attributable fractions (15+), liver cirrhosis deaths (%)",numeric,AFR,Africa,Country,GAB,Gabon,Year,2016,true,Sex,Male,MLE,,,,,,,,,,73.1,,,,,,73.1,,,EN,2018-09-06T04:00:00.000Z
SA_0000001741,"Alcohol-attributable fractions (15+), liver cirrhosis deaths (%)",numeric,EUR,Europe,Country,HRV,Croatia,Year,2016,true,Sex,Male,MLE,,,,,,,,,,73.4,,,,,,73.4,,,EN,2018-09-06T04:00:00.000Z
SA_0000001741,"Alcohol-attributable fractions (15+), liver cirrhosis deaths (%)",numeric,AMR,Americas,Country,LCA,Saint Lucia,Year,2016,true,Sex,Male,MLE,,,,,,,,,,73.6,,,,,,73.6,,,EN,2018-09-06T04:00:00.000Z
SA_0000001741,"Alcohol-attributable fractions (15+), liver cirrhosis deaths (%)",numeric,EUR,Europe,Country,ESP,Spain,Year,2016,true,Sex,Male,MLE,,,,,,,,,,73.8,,,,,,73.8,,,EN,2018-09-06T04:00:00.000Z
SA_0000001741,"Alcohol-attributable fractions (15+), liver cirrhosis deaths (%)",numeric,EUR,Europe,Country,KAZ,Kazakhstan,Year,2016,true,Sex,Male,MLE,,,,,,,,,,73.9,,,,,,73.9,,,EN,2018-09-06T04:00:00.000Z
SA_0000001741,"Alcohol-attributable fractions (15+), liver cirrhosis deaths (%)",numeric,WPR,Western Pacific,Country,AUS,Australia,Year,2016,true,Sex,Male,MLE,,,,,,,,,,74.1,,,,,,74.1,,,EN,2018-09-06T04:00:00.000Z
SA_0000001741,"Alcohol-attributable fractions (15+), liver cirrhosis deaths (%)",numeric,AMR,Americas,Country,USA,United States of America,Year,2016,true,Sex,Male,MLE,,,,,,,,,,74.1,,,,,,74.1,,,EN,2018-09-06T04:00:00.000Z
SA_0000001741,"Alcohol-attributable fractions (15+), liver cirrhosis deaths (%)",numeric,EUR,Europe,Country,DNK,Denmark,Year,2016,true,Sex,Male,MLE,,,,,,,,,,74.3,,,,,,74.3,,,EN,2018-09-06T04:00:00.000Z
SA_0000001741,"Alcohol-attributable fractions (15+), liver cirrhosis deaths (%)",numeric,AMR,Americas,Country,URY,Uruguay,Year,2016,true,Sex,Male,MLE,,,,,,,,,,74.4,,,,,,74.4,,,EN,2018-09-06T04:00:00.000Z
SA_0000001741,"Alcohol-attributable fractions (15+), liver cirrhosis deaths (%)",numeric,WPR,Western Pacific,Country,NZL,New Zealand,Year,2016,true,Sex,Male,MLE,,,,,,,,,,74.5,,,,,,74.5,,,EN,2018-09-06T04:00:00.000Z
SA_0000001741,"Alcohol-attributable fractions (15+), liver cirrhosis deaths (%)",numeric,WPR,Western Pacific,Country,KOR,Republic of Korea,Year,2016,true,Sex,Male,MLE,,,,,,,,,,74.5,,,,,,74.5,,,EN,2018-09-06T04:00:00.000Z
SA_0000001741,"Alcohol-attributable fractions (15+), liver cirrhosis deaths (%)",numeric,EUR,Europe,Country,CYP,Cyprus,Year,2016,true,Sex,Male,MLE,,,,,,,,,,74.7,,,,,,74.7,,,EN,2018-09-06T04:00:00.000Z
SA_0000001741,"Alcohol-attributable fractions (15+), liver cirrhosis deaths (%)",numeric,EUR,Europe,Country,GRC,Greece,Year,2016,true,Sex,Male,MLE,,,,,,,,,,74.9,,,,,,74.9,,,EN,2018-09-06T04:00:00.000Z
SA_0000001741,"Alcohol-attributable fractions (15+), liver cirrhosis deaths (%)",numeric,EUR,Europe,Country,CHE,Switzerland,Year,2016,true,Sex,Male,MLE,,,,,,,,,,74.9,,,,,,74.9,,,EN,2018-09-06T04:00:00.000Z
SA_0000001741,"Alcohol-attributable fractions (15+), liver cirrhosis deaths (%)",numeric,EUR,Europe,Country,FIN,Finland,Year,2016,true,Sex,Male,MLE,,,,,,,,,,75.7,,,,,,75.7,,,EN,2018-09-06T04:00:00.000Z
SA_0000001741,"Alcohol-attributable fractions (15+), liver cirrhosis deaths (%)",numeric,EUR,Europe,Country,AUT,Austria,Year,2016,true,Sex,Male,MLE,,,,,,,,,,75.8,,,,,,75.8,,,EN,2018-09-06T04:00:00.000Z
SA_0000001741,"Alcohol-attributable fractions (15+), liver cirrhosis deaths (%)",numeric,AFR,Africa,Country,NGA,Nigeria,Year,2016,true,Sex,Male,MLE,,,,,,,,,,76.3,,,,,,76.3,,,EN,2018-09-06T04:00:00.000Z
SA_0000001741,"Alcohol-attributable fractions (15+), liver cirrhosis deaths (%)",numeric,EUR,Europe,Country,LUX,Luxembourg,Year,2016,true,Sex,Male,MLE,,,,,,,,,,76.6,,,,,,76.6,,,EN,2018-09-06T04:00:00.000Z
SA_0000001741,"Alcohol-attributable fractions (15+), liver cirrhosis deaths (%)",numeric,EUR,Europe,Country,GBR,United Kingdom of Great Britain and Northern Ireland,Year,2016,true,Sex,Male,MLE,,,,,,,,,,77,,,,,,77,,,EN,2018-09-06T04:00:00.000Z
SA_0000001741,"Alcohol-attributable fractions (15+), liver cirrhosis deaths (%)",numeric,EUR,Europe,Country,BEL,Belgium,Year,2016,true,Sex,Male,MLE,,,,,,,,,,77.1,,,,,,77.1,,,EN,2018-09-06T04:00:00.000Z
SA_0000001741,"Alcohol-attributable fractions (15+), liver cirrhosis deaths (%)",numeric,AFR,Africa,Country,SYC,Seychelles,Year,2016,true,Sex,Male,MLE,,,,,,,,,,77.1,,,,,,77.1,,,EN,2018-09-06T04:00:00.000Z
SA_0000001741,"Alcohol-attributable fractions (15+), liver cirrhosis deaths (%)",numeric,EUR,Europe,Country,SRB,Serbia,Year,2016,true,Sex,Male,MLE,,,,,,,,,,77.3,,,,,,77.3,,,EN,2018-09-06T04:00:00.000Z
SA_0000001741,"Alcohol-attributable fractions (15+), liver cirrhosis deaths (%)",numeric,EUR,Europe,Country,GEO,Georgia,Year,2016,true,Sex,Male,MLE,,,,,,,,,,77.4,,,,,,77.4,,,EN,2018-09-06T04:00:00.000Z
SA_0000001741,"Alcohol-attributable fractions (15+), liver cirrhosis deaths (%)",numeric,EUR,Europe,Country,HUN,Hungary,Year,2016,true,Sex,Male,MLE,,,,,,,,,,77.5,,,,,,77.5,,,EN,2018-09-06T04:00:00.000Z
SA_0000001741,"Alcohol-attributable fractions (15+), liver cirrhosis deaths (%)",numeric,EUR,Europe,Country,SVK,Slovakia,Year,2016,true,Sex,Male,MLE,,,,,,,,,,77.5,,,,,,77.5,,,EN,2018-09-06T04:00:00.000Z
SA_0000001741,"Alcohol-attributable fractions (15+), liver cirrhosis deaths (%)",numeric,EUR,Europe,Country,FRA,France,Year,2016,true,Sex,Male,MLE,,,,,,,,,,77.9,,,,,,77.9,,,EN,2018-09-06T04:00:00.000Z
SA_0000001741,"Alcohol-attributable fractions (15+), liver cirrhosis deaths (%)",numeric,EUR,Europe,Country,POL,Poland,Year,2016,true,Sex,Male,MLE,,,,,,,,,,78.1,,,,,,78.1,,,EN,2018-09-06T04:00:00.000Z
SA_0000001741,"Alcohol-attributable fractions (15+), liver cirrhosis deaths (%)",numeric,EUR,Europe,Country,SVN,Slovenia,Year,2016,true,Sex,Male,MLE,,,,,,,,,,78.1,,,,,,78.1,,,EN,2018-09-06T04:00:00.000Z
SA_0000001741,"Alcohol-attributable fractions (15+), liver cirrhosis deaths (%)",numeric,EUR,Europe,Country,IRL,Ireland,Year,2016,true,Sex,Male,MLE,,,,,,,,,,78.2,,,,,,78.2,,,EN,2018-09-06T04:00:00.000Z
SA_0000001741,"Alcohol-attributable fractions (15+), liver cirrhosis deaths (%)",numeric,EUR,Europe,Country,DEU,Germany,Year,2016,true,Sex,Male,MLE,,,,,,,,,,78.6,,,,,,78.6,,,EN,2018-09-06T04:00:00.000Z
SA_0000001741,"Alcohol-attributable fractions (15+), liver cirrhosis deaths (%)",numeric,EUR,Europe,Country,PRT,Portugal,Year,2016,true,Sex,Male,MLE,,,,,,,,,,78.8,,,,,,78.8,,,EN,2018-09-06T04:00:00.000Z
SA_0000001741,"Alcohol-attributable fractions (15+), liver cirrhosis deaths (%)",numeric,EUR,Europe,Country,ROU,Romania,Year,2016,true,Sex,Male,MLE,,,,,,,,,,78.9,,,,,,78.9,,,EN,2018-09-06T04:00:00.000Z
SA_0000001741,"Alcohol-attributable fractions (15+), liver cirrhosis deaths (%)",numeric,EUR,Europe,Country,BGR,Bulgaria,Year,2016,true,Sex,Male,MLE,,,,,,,,,,79.2,,,,,,79.2,,,EN,2018-09-06T04:00:00.000Z
SA_0000001741,"Alcohol-attributable fractions (15+), liver cirrhosis deaths (%)",numeric,EMR,Eastern Mediterranean,Country,TUN,Tunisia,Year,2016,true,Sex,Female,FMLE,,,,,,,,,,8,,,,,,8,,,EN,2018-09-06T04:00:00.000Z
SA_0000001741,"Alcohol-attributable fractions (15+), liver cirrhosis deaths (%)",numeric,EMR,Eastern Mediterranean,Country,OMN,Oman,Year,2016,true,Sex,Female,FMLE,,,,,,,,,,8.2,,,,,,8.2,,,EN,2018-09-06T04:00:00.000Z
SA_0000001741,"Alcohol-attributable fractions (15+), liver cirrhosis deaths (%)",numeric,SEAR,South-East Asia,Country,BGD,Bangladesh,Year,2016,true,Sex,Female,FMLE,,,,,,,,,,8.4,,,,,,8.4,,,EN,2018-09-06T04:00:00.000Z
SA_0000001741,"Alcohol-attributable fractions (15+), liver cirrhosis deaths (%)",numeric,AFR,Africa,Country,NER,Niger,Year,2016,true,Sex,Female,FMLE,,,,,,,,,,8.7,,,,,,8.7,,,EN,2018-09-06T04:00:00.000Z
SA_0000001741,"Alcohol-attributable fractions (15+), liver cirrhosis deaths (%)",numeric,EUR,Europe,Country,CZE,Czechia,Year,2016,true,Sex,Male,MLE,,,,,,,,,,80.2,,,,,,80.2,,,EN,2018-09-06T04:00:00.000Z
SA_0000001741,"Alcohol-attributable fractions (15+), liver cirrhosis deaths (%)",numeric,EMR,Eastern Mediterranean,Country,LBN,Lebanon,Year,2016,true,Sex,Female,FMLE,,,,,,,,,,9.6,,,,,,9.6,,,EN,2018-09-06T04:00:00.000Z
SA_0000001741,"Alcohol-attributable fractions (15+), liver cirrhosis deaths (%)",numeric,EUR,Europe,Country,AND,Andorra,Year,2016,true,Sex,Female,FMLE,,,,,,,,,,,,,,,,No data,827,,EN,2018-09-06T04:00:00.000Z
SA_0000001741,"Alcohol-attributable fractions (15+), liver cirrhosis deaths (%)",numeric,EUR,Europe,Country,AND,Andorra,Year,2016,true,Sex,Male,MLE,,,,,,,,,,,,,,,,No data,827,,EN,2018-09-06T04:00:00.000Z
SA_0000001741,"Alcohol-attributable fractions (15+), liver cirrhosis deaths (%)",numeric,WPR,Western Pacific,Country,COK,Cook Islands,Year,2016,true,Sex,Female,FMLE,,,,,,,,,,,,,,,,No data,827,,EN,2018-09-06T04:00:00.000Z
SA_0000001741,"Alcohol-attributable fractions (15+), liver cirrhosis deaths (%)",numeric,WPR,Western Pacific,Country,COK,Cook Islands,Year,2016,true,Sex,Male,MLE,,,,,,,,,,,,,,,,No data,827,,EN,2018-09-06T04:00:00.000Z
SA_0000001741,"Alcohol-attributable fractions (15+), liver cirrhosis deaths (%)",numeric,AMR,Americas,Country,DMA,Dominica,Year,2016,true,Sex,Female,FMLE,,,,,,,,,,,,,,,,No data,827,,EN,2018-09-06T04:00:00.000Z
SA_0000001741,"Alcohol-attributable fractions (15+), liver cirrhosis deaths (%)",numeric,AMR,Americas,Country,DMA,Dominica,Year,2016,true,Sex,Male,MLE,,,,,,,,,,,,,,,,No data,827,,EN,2018-09-06T04:00:00.000Z
SA_0000001741,"Alcohol-attributable fractions (15+), liver cirrhosis deaths (%)",numeric,WPR,Western Pacific,Country,MHL,Marshall Islands,Year,2016,true,Sex,Female,FMLE,,,,,,,,,,,,,,,,No data,827,,EN,2018-09-06T04:00:00.000Z
SA_0000001741,"Alcohol-attributable fractions (15+), liver cirrhosis deaths (%)",numeric,WPR,Western Pacific,Country,MHL,Marshall Islands,Year,2016,true,Sex,Male,MLE,,,,,,,,,,,,,,,,No data,827,,EN,2018-09-06T04:00:00.000Z
SA_0000001741,"Alcohol-attributable fractions (15+), liver cirrhosis deaths (%)",numeric,EUR,Europe,Country,MCO,Monaco,Year,2016,true,Sex,Female,FMLE,,,,,,,,,,,,,,,,No data,827,,EN,2018-09-06T04:00:00.000Z
SA_0000001741,"Alcohol-attributable fractions (15+), liver cirrhosis deaths (%)",numeric,EUR,Europe,Country,MCO,Monaco,Year,2016,true,Sex,Male,MLE,,,,,,,,,,,,,,,,No data,827,,EN,2018-09-06T04:00:00.000Z
SA_0000001741,"Alcohol-attributable fractions (15+), liver cirrhosis deaths (%)",numeric,WPR,Western Pacific,Country,NRU,Nauru,Year,2016,true,Sex,Female,FMLE,,,,,,,,,,,,,,,,No data,827,,EN,2018-09-06T04:00:00.000Z
SA_0000001741,"Alcohol-attributable fractions (15+), liver cirrhosis deaths (%)",numeric,WPR,Western Pacific,Country,NRU,Nauru,Year,2016,true,Sex,Male,MLE,,,,,,,,,,,,,,,,No data,827,,EN,2018-09-06T04:00:00.000Z
SA_0000001741,"Alcohol-attributable fractions (15+), liver cirrhosis deaths (%)",numeric,WPR,Western Pacific,Country,NIU,Niue,Year,2016,true,Sex,Female,FMLE,,,,,,,,,,,,,,,,No data,827,,EN,2018-09-06T04:00:00.000Z
SA_0000001741,"Alcohol-attributable fractions (15+), liver cirrhosis deaths (%)",numeric,WPR,Western Pacific,Country,NIU,Niue,Year,2016,true,Sex,Male,MLE,,,,,,,,,,,,,,,,No data,827,,EN,2018-09-06T04:00:00.000Z
SA_0000001741,"Alcohol-attributable fractions (15+), liver cirrhosis deaths (%)",numeric,WPR,Western Pacific,Country,PLW,Palau,Year,2016,true,Sex,Female,FMLE,,,,,,,,,,,,,,,,No data,827,,EN,2018-09-06T04:00:00.000Z
SA_0000001741,"Alcohol-attributable fractions (15+), liver cirrhosis deaths (%)",numeric,WPR,Western Pacific,Country,PLW,Palau,Year,2016,true,Sex,Male,MLE,,,,,,,,,,,,,,,,No data,827,,EN,2018-09-06T04:00:00.000Z
SA_0000001741,"Alcohol-attributable fractions (15+), liver cirrhosis deaths (%)",numeric,AMR,Americas,Country,KNA,Saint Kitts and Nevis,Year,2016,true,Sex,Female,FMLE,,,,,,,,,,,,,,,,No data,827,,EN,2018-09-06T04:00:00.000Z
SA_0000001741,"Alcohol-attributable fractions (15+), liver cirrhosis deaths (%)",numeric,AMR,Americas,Country,KNA,Saint Kitts and Nevis,Year,2016,true,Sex,Male,MLE,,,,,,,,,,,,,,,,No data,827,,EN,2018-09-06T04:00:00.000Z
SA_0000001741,"Alcohol-attributable fractions (15+), liver cirrhosis deaths (%)",numeric,EUR,Europe,Country,SMR,San Marino,Year,2016,true,Sex,Female,FMLE,,,,,,,,,,,,,,,,No data,827,,EN,2018-09-06T04:00:00.000Z
SA_0000001741,"Alcohol-attributable fractions (15+), liver cirrhosis deaths (%)",numeric,EUR,Europe,Country,SMR,San Marino,Year,2016,true,Sex,Male,MLE,,,,,,,,,,,,,,,,No data,827,,EN,2018-09-06T04:00:00.000Z
SA_0000001741,"Alcohol-attributable fractions (15+), liver cirrhosis deaths (%)",numeric,WPR,Western Pacific,Country,TUV,Tuvalu,Year,2016,true,Sex,Female,FMLE,,,,,,,,,,,,,,,,No data,827,,EN,2018-09-06T04:00:00.000Z
SA_0000001741,"Alcohol-attributable fractions (15+), liver cirrhosis deaths (%)",numeric,WPR,Western Pacific,Country,TUV,Tuvalu,Year,2016,true,Sex,Male,MLE,,,,,,,,,,,,,,,,No data,827,,EN,2018-09-06T04:00:00.000Z
